{
  "name": "dopameals",
  "version": "0.0.0",
  "lockfileVersion": 3,
  "requires": true,
  "packages": {
    "": {
      "name": "dopameals",
      "version": "0.0.0",
      "dependencies": {
        "react": "^19.1.0",
        "react-dom": "^19.1.0"
      },
      "devDependencies": {
        "@eslint/js": "^9.30.1",
        "@types/react": "^19.1.8",
        "@types/react-dom": "^19.1.6",
        "@vitejs/plugin-react": "^4.6.0",
        "eslint": "^9.30.1",
        "eslint-plugin-react-hooks": "^5.2.0",
        "eslint-plugin-react-refresh": "^0.4.20",
        "globals": "^16.3.0",
        "vite": "^7.0.4"
      }
    },
    "node_modules/@ampproject/remapping": {
      "version": "2.3.0",
      "resolved": "https://registry.npmjs.org/@ampproject/remapping/-/remapping-2.3.0.tgz",
      "integrity": "sha512-30iZtAPgz+LTIYoeivqYo853f02jBYSd5uGnGpkFV0M3xOt9aN73erkgYAmZU43x4VfqcnLxW9Kpg3R5LC4YYw==",
      "dev": true,
      "license": "Apache-2.0",
      "dependencies": {
        "@jridgewell/gen-mapping": "^0.3.5",
        "@jridgewell/trace-mapping": "^0.3.24"
      },
      "engines": {
        "node": ">=6.0.0"
      }
    },
    "node_modules/@babel/code-frame": {
      "version": "7.27.1",
      "resolved": "https://registry.npmjs.org/@babel/code-frame/-/code-frame-7.27.1.tgz",
      "integrity": "sha512-cjQ7ZlQ0Mv3b47hABuTevyTuYN4i+loJKGeV9flcCgIK37cCXRh+L1bd3iBHlynerhQ7BhCkn2BPbQUL+rGqFg==",
      "dev": true,
      "license": "MIT",
      "dependencies": {
        "@babel/helper-validator-identifier": "^7.27.1",
        "js-tokens": "^4.0.0",
        "picocolors": "^1.1.1"
      },
      "engines": {
        "node": ">=6.9.0"
      }
    },
    "node_modules/@babel/compat-data": {
      "version": "7.28.0",
      "resolved": "https://registry.npmjs.org/@babel/compat-data/-/compat-data-7.28.0.tgz",
      "integrity": "sha512-60X7qkglvrap8mn1lh2ebxXdZYtUcpd7gsmy9kLaBJ4i/WdY8PqTSdxyA8qraikqKQK5C1KRBKXqznrVapyNaw==",
      "dev": true,
      "license": "MIT",
      "engines": {
        "node": ">=6.9.0"
      }
    },
    "node_modules/@babel/core": {
      "version": "7.28.0",
      "resolved": "https://registry.npmjs.org/@babel/core/-/core-7.28.0.tgz",
      "integrity": "sha512-UlLAnTPrFdNGoFtbSXwcGFQBtQZJCNjaN6hQNP3UPvuNXT1i82N26KL3dZeIpNalWywr9IuQuncaAfUaS1g6sQ==",
      "dev": true,
      "license": "MIT",
      "dependencies": {
        "@ampproject/remapping": "^2.2.0",
        "@babel/code-frame": "^7.27.1",
        "@babel/generator": "^7.28.0",
        "@babel/helper-compilation-targets": "^7.27.2",
        "@babel/helper-module-transforms": "^7.27.3",
        "@babel/helpers": "^7.27.6",
        "@babel/parser": "^7.28.0",
        "@babel/template": "^7.27.2",
        "@babel/traverse": "^7.28.0",
        "@babel/types": "^7.28.0",
        "convert-source-map": "^2.0.0",
        "debug": "^4.1.0",
        "gensync": "^1.0.0-beta.2",
        "json5": "^2.2.3",
        "semver": "^6.3.1"
      },
      "engines": {
        "node": ">=6.9.0"
      },
      "funding": {
        "type": "opencollective",
        "url": "https://opencollective.com/babel"
      }
    },
    "node_modules/@babel/generator": {
      "version": "7.28.0",
      "resolved": "https://registry.npmjs.org/@babel/generator/-/generator-7.28.0.tgz",
      "integrity": "sha512-lJjzvrbEeWrhB4P3QBsH7tey117PjLZnDbLiQEKjQ/fNJTjuq4HSqgFA+UNSwZT8D7dxxbnuSBMsa1lrWzKlQg==",
      "dev": true,
      "license": "MIT",
      "dependencies": {
        "@babel/parser": "^7.28.0",
        "@babel/types": "^7.28.0",
        "@jridgewell/gen-mapping": "^0.3.12",
        "@jridgewell/trace-mapping": "^0.3.28",
        "jsesc": "^3.0.2"
      },
      "engines": {
        "node": ">=6.9.0"
      }
    },
    "node_modules/@babel/helper-compilation-targets": {
      "version": "7.27.2",
      "resolved": "https://registry.npmjs.org/@babel/helper-compilation-targets/-/helper-compilation-targets-7.27.2.tgz",
      "integrity": "sha512-2+1thGUUWWjLTYTHZWK1n8Yga0ijBz1XAhUXcKy81rd5g6yh7hGqMp45v7cadSbEHc9G3OTv45SyneRN3ps4DQ==",
      "dev": true,
      "license": "MIT",
      "dependencies": {
        "@babel/compat-data": "^7.27.2",
        "@babel/helper-validator-option": "^7.27.1",
        "browserslist": "^4.24.0",
        "lru-cache": "^5.1.1",
        "semver": "^6.3.1"
      },
      "engines": {
        "node": ">=6.9.0"
      }
    },
    "node_modules/@babel/helper-globals": {
      "version": "7.28.0",
      "resolved": "https://registry.npmjs.org/@babel/helper-globals/-/helper-globals-7.28.0.tgz",
      "integrity": "sha512-+W6cISkXFa1jXsDEdYA8HeevQT/FULhxzR99pxphltZcVaugps53THCeiWA8SguxxpSp3gKPiuYfSWopkLQ4hw==",
      "dev": true,
      "license": "MIT",
      "engines": {
        "node": ">=6.9.0"
      }
    },
    "node_modules/@babel/helper-module-imports": {
      "version": "7.27.1",
      "resolved": "https://registry.npmjs.org/@babel/helper-module-imports/-/helper-module-imports-7.27.1.tgz",
      "integrity": "sha512-0gSFWUPNXNopqtIPQvlD5WgXYI5GY2kP2cCvoT8kczjbfcfuIljTbcWrulD1CIPIX2gt1wghbDy08yE1p+/r3w==",
      "dev": true,
      "license": "MIT",
      "dependencies": {
        "@babel/traverse": "^7.27.1",
        "@babel/types": "^7.27.1"
      },
      "engines": {
        "node": ">=6.9.0"
      }
    },
    "node_modules/@babel/helper-module-transforms": {
      "version": "7.27.3",
      "resolved": "https://registry.npmjs.org/@babel/helper-module-transforms/-/helper-module-transforms-7.27.3.tgz",
      "integrity": "sha512-dSOvYwvyLsWBeIRyOeHXp5vPj5l1I011r52FM1+r1jCERv+aFXYk4whgQccYEGYxK2H3ZAIA8nuPkQ0HaUo3qg==",
      "dev": true,
      "license": "MIT",
      "dependencies": {
        "@babel/helper-module-imports": "^7.27.1",
        "@babel/helper-validator-identifier": "^7.27.1",
        "@babel/traverse": "^7.27.3"
      },
      "engines": {
        "node": ">=6.9.0"
      },
      "peerDependencies": {
        "@babel/core": "^7.0.0"
      }
    },
    "node_modules/@babel/helper-plugin-utils": {
      "version": "7.27.1",
      "resolved": "https://registry.npmjs.org/@babel/helper-plugin-utils/-/helper-plugin-utils-7.27.1.tgz",
      "integrity": "sha512-1gn1Up5YXka3YYAHGKpbideQ5Yjf1tDa9qYcgysz+cNCXukyLl6DjPXhD3VRwSb8c0J9tA4b2+rHEZtc6R0tlw==",
      "dev": true,
      "license": "MIT",
      "engines": {
        "node": ">=6.9.0"
      }
    },
    "node_modules/@babel/helper-string-parser": {
      "version": "7.27.1",
      "resolved": "https://registry.npmjs.org/@babel/helper-string-parser/-/helper-string-parser-7.27.1.tgz",
      "integrity": "sha512-qMlSxKbpRlAridDExk92nSobyDdpPijUq2DW6oDnUqd0iOGxmQjyqhMIihI9+zv4LPyZdRje2cavWPbCbWm3eA==",
      "dev": true,
      "license": "MIT",
      "engines": {
        "node": ">=6.9.0"
      }
    },
    "node_modules/@babel/helper-validator-identifier": {
      "version": "7.27.1",
      "resolved": "https://registry.npmjs.org/@babel/helper-validator-identifier/-/helper-validator-identifier-7.27.1.tgz",
      "integrity": "sha512-D2hP9eA+Sqx1kBZgzxZh0y1trbuU+JoDkiEwqhQ36nodYqJwyEIhPSdMNd7lOm/4io72luTPWH20Yda0xOuUow==",
      "dev": true,
      "license": "MIT",
      "engines": {
        "node": ">=6.9.0"
      }
    },
    "node_modules/@babel/helper-validator-option": {
      "version": "7.27.1",
      "resolved": "https://registry.npmjs.org/@babel/helper-validator-option/-/helper-validator-option-7.27.1.tgz",
      "integrity": "sha512-YvjJow9FxbhFFKDSuFnVCe2WxXk1zWc22fFePVNEaWJEu8IrZVlda6N0uHwzZrUM1il7NC9Mlp4MaJYbYd9JSg==",
      "dev": true,
      "license": "MIT",
      "engines": {
        "node": ">=6.9.0"
      }
    },
    "node_modules/@babel/helpers": {
      "version": "7.27.6",
      "resolved": "https://registry.npmjs.org/@babel/helpers/-/helpers-7.27.6.tgz",
      "integrity": "sha512-muE8Tt8M22638HU31A3CgfSUciwz1fhATfoVai05aPXGor//CdWDCbnlY1yvBPo07njuVOCNGCSp/GTt12lIug==",
      "dev": true,
      "license": "MIT",
      "dependencies": {
        "@babel/template": "^7.27.2",
        "@babel/types": "^7.27.6"
      },
      "engines": {
        "node": ">=6.9.0"
      }
    },
    "node_modules/@babel/parser": {
      "version": "7.28.0",
      "resolved": "https://registry.npmjs.org/@babel/parser/-/parser-7.28.0.tgz",
      "integrity": "sha512-jVZGvOxOuNSsuQuLRTh13nU0AogFlw32w/MT+LV6D3sP5WdbW61E77RnkbaO2dUvmPAYrBDJXGn5gGS6tH4j8g==",
      "dev": true,
      "license": "MIT",
      "dependencies": {
        "@babel/types": "^7.28.0"
      },
      "bin": {
        "parser": "bin/babel-parser.js"
      },
      "engines": {
        "node": ">=6.0.0"
      }
    },
    "node_modules/@babel/plugin-transform-react-jsx-self": {
      "version": "7.27.1",
      "resolved": "https://registry.npmjs.org/@babel/plugin-transform-react-jsx-self/-/plugin-transform-react-jsx-self-7.27.1.tgz",
      "integrity": "sha512-6UzkCs+ejGdZ5mFFC/OCUrv028ab2fp1znZmCZjAOBKiBK2jXD1O+BPSfX8X2qjJ75fZBMSnQn3Rq2mrBJK2mw==",
      "dev": true,
      "license": "MIT",
      "dependencies": {
        "@babel/helper-plugin-utils": "^7.27.1"
      },
      "engines": {
        "node": ">=6.9.0"
      },
      "peerDependencies": {
        "@babel/core": "^7.0.0-0"
      }
    },
    "node_modules/@babel/plugin-transform-react-jsx-source": {
      "version": "7.27.1",
      "resolved": "https://registry.npmjs.org/@babel/plugin-transform-react-jsx-source/-/plugin-transform-react-jsx-source-7.27.1.tgz",
      "integrity": "sha512-zbwoTsBruTeKB9hSq73ha66iFeJHuaFkUbwvqElnygoNbj/jHRsSeokowZFN3CZ64IvEqcmmkVe89OPXc7ldAw==",
      "dev": true,
      "license": "MIT",
      "dependencies": {
        "@babel/helper-plugin-utils": "^7.27.1"
      },
      "engines": {
        "node": ">=6.9.0"
      },
      "peerDependencies": {
        "@babel/core": "^7.0.0-0"
      }
    },
    "node_modules/@babel/template": {
      "version": "7.27.2",
      "resolved": "https://registry.npmjs.org/@babel/template/-/template-7.27.2.tgz",
      "integrity": "sha512-LPDZ85aEJyYSd18/DkjNh4/y1ntkE5KwUHWTiqgRxruuZL2F1yuHligVHLvcHY2vMHXttKFpJn6LwfI7cw7ODw==",
      "dev": true,
      "license": "MIT",
      "dependencies": {
        "@babel/code-frame": "^7.27.1",
        "@babel/parser": "^7.27.2",
        "@babel/types": "^7.27.1"
      },
      "engines": {
        "node": ">=6.9.0"
      }
    },
    "node_modules/@babel/traverse": {
      "version": "7.28.0",
      "resolved": "https://registry.npmjs.org/@babel/traverse/-/traverse-7.28.0.tgz",
      "integrity": "sha512-mGe7UK5wWyh0bKRfupsUchrQGqvDbZDbKJw+kcRGSmdHVYrv+ltd0pnpDTVpiTqnaBru9iEvA8pz8W46v0Amwg==",
      "dev": true,
      "license": "MIT",
      "dependencies": {
        "@babel/code-frame": "^7.27.1",
        "@babel/generator": "^7.28.0",
        "@babel/helper-globals": "^7.28.0",
        "@babel/parser": "^7.28.0",
        "@babel/template": "^7.27.2",
        "@babel/types": "^7.28.0",
        "debug": "^4.3.1"
      },
      "engines": {
        "node": ">=6.9.0"
      }
    },
    "node_modules/@babel/types": {
      "version": "7.28.1",
      "resolved": "https://registry.npmjs.org/@babel/types/-/types-7.28.1.tgz",
      "integrity": "sha512-x0LvFTekgSX+83TI28Y9wYPUfzrnl2aT5+5QLnO6v7mSJYtEEevuDRN0F0uSHRk1G1IWZC43o00Y0xDDrpBGPQ==",
      "dev": true,
      "license": "MIT",
      "dependencies": {
        "@babel/helper-string-parser": "^7.27.1",
        "@babel/helper-validator-identifier": "^7.27.1"
      },
      "engines": {
        "node": ">=6.9.0"
      }
    },
    "node_modules/@esbuild/aix-ppc64": {
      "version": "0.25.6",
      "resolved": "https://registry.npmjs.org/@esbuild/aix-ppc64/-/aix-ppc64-0.25.6.tgz",
      "integrity": "sha512-ShbM/3XxwuxjFiuVBHA+d3j5dyac0aEVVq1oluIDf71hUw0aRF59dV/efUsIwFnR6m8JNM2FjZOzmaZ8yG61kw==",
      "cpu": [
        "ppc64"
      ],
      "dev": true,
      "license": "MIT",
      "optional": true,
      "os": [
        "aix"
      ],
      "engines": {
        "node": ">=18"
      }
    },
    "node_modules/@esbuild/android-arm": {
      "version": "0.25.6",
      "resolved": "https://registry.npmjs.org/@esbuild/android-arm/-/android-arm-0.25.6.tgz",
      "integrity": "sha512-S8ToEOVfg++AU/bHwdksHNnyLyVM+eMVAOf6yRKFitnwnbwwPNqKr3srzFRe7nzV69RQKb5DgchIX5pt3L53xg==",
      "cpu": [
        "arm"
      ],
      "dev": true,
      "license": "MIT",
      "optional": true,
      "os": [
        "android"
      ],
      "engines": {
        "node": ">=18"
      }
    },
    "node_modules/@esbuild/android-arm64": {
      "version": "0.25.6",
      "resolved": "https://registry.npmjs.org/@esbuild/android-arm64/-/android-arm64-0.25.6.tgz",
      "integrity": "sha512-hd5zdUarsK6strW+3Wxi5qWws+rJhCCbMiC9QZyzoxfk5uHRIE8T287giQxzVpEvCwuJ9Qjg6bEjcRJcgfLqoA==",
      "cpu": [
        "arm64"
      ],
      "dev": true,
      "license": "MIT",
      "optional": true,
      "os": [
        "android"
      ],
      "engines": {
        "node": ">=18"
      }
    },
    "node_modules/@esbuild/android-x64": {
      "version": "0.25.6",
      "resolved": "https://registry.npmjs.org/@esbuild/android-x64/-/android-x64-0.25.6.tgz",
      "integrity": "sha512-0Z7KpHSr3VBIO9A/1wcT3NTy7EB4oNC4upJ5ye3R7taCc2GUdeynSLArnon5G8scPwaU866d3H4BCrE5xLW25A==",
      "cpu": [
        "x64"
      ],
      "dev": true,
      "license": "MIT",
      "optional": true,
      "os": [
        "android"
      ],
      "engines": {
        "node": ">=18"
      }
    },
    "node_modules/@esbuild/darwin-arm64": {
      "version": "0.25.6",
      "resolved": "https://registry.npmjs.org/@esbuild/darwin-arm64/-/darwin-arm64-0.25.6.tgz",
      "integrity": "sha512-FFCssz3XBavjxcFxKsGy2DYK5VSvJqa6y5HXljKzhRZ87LvEi13brPrf/wdyl/BbpbMKJNOr1Sd0jtW4Ge1pAA==",
      "cpu": [
        "arm64"
      ],
      "dev": true,
      "license": "MIT",
      "optional": true,
      "os": [
        "darwin"
      ],
      "engines": {
        "node": ">=18"
      }
    },
    "node_modules/@esbuild/darwin-x64": {
      "version": "0.25.6",
      "resolved": "https://registry.npmjs.org/@esbuild/darwin-x64/-/darwin-x64-0.25.6.tgz",
      "integrity": "sha512-GfXs5kry/TkGM2vKqK2oyiLFygJRqKVhawu3+DOCk7OxLy/6jYkWXhlHwOoTb0WqGnWGAS7sooxbZowy+pK9Yg==",
      "cpu": [
        "x64"
      ],
      "dev": true,
      "license": "MIT",
      "optional": true,
      "os": [
        "darwin"
      ],
      "engines": {
        "node": ">=18"
      }
    },
    "node_modules/@esbuild/freebsd-arm64": {
      "version": "0.25.6",
      "resolved": "https://registry.npmjs.org/@esbuild/freebsd-arm64/-/freebsd-arm64-0.25.6.tgz",
      "integrity": "sha512-aoLF2c3OvDn2XDTRvn8hN6DRzVVpDlj2B/F66clWd/FHLiHaG3aVZjxQX2DYphA5y/evbdGvC6Us13tvyt4pWg==",
      "cpu": [
        "arm64"
      ],
      "dev": true,
      "license": "MIT",
      "optional": true,
      "os": [
        "freebsd"
      ],
      "engines": {
        "node": ">=18"
      }
    },
    "node_modules/@esbuild/freebsd-x64": {
      "version": "0.25.6",
      "resolved": "https://registry.npmjs.org/@esbuild/freebsd-x64/-/freebsd-x64-0.25.6.tgz",
      "integrity": "sha512-2SkqTjTSo2dYi/jzFbU9Plt1vk0+nNg8YC8rOXXea+iA3hfNJWebKYPs3xnOUf9+ZWhKAaxnQNUf2X9LOpeiMQ==",
      "cpu": [
        "x64"
      ],
      "dev": true,
      "license": "MIT",
      "optional": true,
      "os": [
        "freebsd"
      ],
      "engines": {
        "node": ">=18"
      }
    },
    "node_modules/@esbuild/linux-arm": {
      "version": "0.25.6",
      "resolved": "https://registry.npmjs.org/@esbuild/linux-arm/-/linux-arm-0.25.6.tgz",
      "integrity": "sha512-SZHQlzvqv4Du5PrKE2faN0qlbsaW/3QQfUUc6yO2EjFcA83xnwm91UbEEVx4ApZ9Z5oG8Bxz4qPE+HFwtVcfyw==",
      "cpu": [
        "arm"
      ],
      "dev": true,
      "license": "MIT",
      "optional": true,
      "os": [
        "linux"
      ],
      "engines": {
        "node": ">=18"
      }
    },
    "node_modules/@esbuild/linux-arm64": {
      "version": "0.25.6",
      "resolved": "https://registry.npmjs.org/@esbuild/linux-arm64/-/linux-arm64-0.25.6.tgz",
      "integrity": "sha512-b967hU0gqKd9Drsh/UuAm21Khpoh6mPBSgz8mKRq4P5mVK8bpA+hQzmm/ZwGVULSNBzKdZPQBRT3+WuVavcWsQ==",
      "cpu": [
        "arm64"
      ],
      "dev": true,
      "license": "MIT",
      "optional": true,
      "os": [
        "linux"
      ],
      "engines": {
        "node": ">=18"
      }
    },
    "node_modules/@esbuild/linux-ia32": {
      "version": "0.25.6",
      "resolved": "https://registry.npmjs.org/@esbuild/linux-ia32/-/linux-ia32-0.25.6.tgz",
      "integrity": "sha512-aHWdQ2AAltRkLPOsKdi3xv0mZ8fUGPdlKEjIEhxCPm5yKEThcUjHpWB1idN74lfXGnZ5SULQSgtr5Qos5B0bPw==",
      "cpu": [
        "ia32"
      ],
      "dev": true,
      "license": "MIT",
      "optional": true,
      "os": [
        "linux"
      ],
      "engines": {
        "node": ">=18"
      }
    },
    "node_modules/@esbuild/linux-loong64": {
      "version": "0.25.6",
      "resolved": "https://registry.npmjs.org/@esbuild/linux-loong64/-/linux-loong64-0.25.6.tgz",
      "integrity": "sha512-VgKCsHdXRSQ7E1+QXGdRPlQ/e08bN6WMQb27/TMfV+vPjjTImuT9PmLXupRlC90S1JeNNW5lzkAEO/McKeJ2yg==",
      "cpu": [
        "loong64"
      ],
      "dev": true,
      "license": "MIT",
      "optional": true,
      "os": [
        "linux"
      ],
      "engines": {
        "node": ">=18"
      }
    },
    "node_modules/@esbuild/linux-mips64el": {
      "version": "0.25.6",
      "resolved": "https://registry.npmjs.org/@esbuild/linux-mips64el/-/linux-mips64el-0.25.6.tgz",
      "integrity": "sha512-WViNlpivRKT9/py3kCmkHnn44GkGXVdXfdc4drNmRl15zVQ2+D2uFwdlGh6IuK5AAnGTo2qPB1Djppj+t78rzw==",
      "cpu": [
        "mips64el"
      ],
      "dev": true,
      "license": "MIT",
      "optional": true,
      "os": [
        "linux"
      ],
      "engines": {
        "node": ">=18"
      }
    },
    "node_modules/@esbuild/linux-ppc64": {
      "version": "0.25.6",
      "resolved": "https://registry.npmjs.org/@esbuild/linux-ppc64/-/linux-ppc64-0.25.6.tgz",
      "integrity": "sha512-wyYKZ9NTdmAMb5730I38lBqVu6cKl4ZfYXIs31Baf8aoOtB4xSGi3THmDYt4BTFHk7/EcVixkOV2uZfwU3Q2Jw==",
      "cpu": [
        "ppc64"
      ],
      "dev": true,
      "license": "MIT",
      "optional": true,
      "os": [
        "linux"
      ],
      "engines": {
        "node": ">=18"
      }
    },
    "node_modules/@esbuild/linux-riscv64": {
      "version": "0.25.6",
      "resolved": "https://registry.npmjs.org/@esbuild/linux-riscv64/-/linux-riscv64-0.25.6.tgz",
      "integrity": "sha512-KZh7bAGGcrinEj4qzilJ4hqTY3Dg2U82c8bv+e1xqNqZCrCyc+TL9AUEn5WGKDzm3CfC5RODE/qc96OcbIe33w==",
      "cpu": [
        "riscv64"
      ],
      "dev": true,
      "license": "MIT",
      "optional": true,
      "os": [
        "linux"
      ],
      "engines": {
        "node": ">=18"
      }
    },
    "node_modules/@esbuild/linux-s390x": {
      "version": "0.25.6",
      "resolved": "https://registry.npmjs.org/@esbuild/linux-s390x/-/linux-s390x-0.25.6.tgz",
      "integrity": "sha512-9N1LsTwAuE9oj6lHMyyAM+ucxGiVnEqUdp4v7IaMmrwb06ZTEVCIs3oPPplVsnjPfyjmxwHxHMF8b6vzUVAUGw==",
      "cpu": [
        "s390x"
      ],
      "dev": true,
      "license": "MIT",
      "optional": true,
      "os": [
        "linux"
      ],
      "engines": {
        "node": ">=18"
      }
    },
    "node_modules/@esbuild/linux-x64": {
      "version": "0.25.6",
      "resolved": "https://registry.npmjs.org/@esbuild/linux-x64/-/linux-x64-0.25.6.tgz",
      "integrity": "sha512-A6bJB41b4lKFWRKNrWoP2LHsjVzNiaurf7wyj/XtFNTsnPuxwEBWHLty+ZE0dWBKuSK1fvKgrKaNjBS7qbFKig==",
      "cpu": [
        "x64"
      ],
      "dev": true,
      "license": "MIT",
      "optional": true,
      "os": [
        "linux"
      ],
      "engines": {
        "node": ">=18"
      }
    },
    "node_modules/@esbuild/netbsd-arm64": {
      "version": "0.25.6",
      "resolved": "https://registry.npmjs.org/@esbuild/netbsd-arm64/-/netbsd-arm64-0.25.6.tgz",
      "integrity": "sha512-IjA+DcwoVpjEvyxZddDqBY+uJ2Snc6duLpjmkXm/v4xuS3H+3FkLZlDm9ZsAbF9rsfP3zeA0/ArNDORZgrxR/Q==",
      "cpu": [
        "arm64"
      ],
      "dev": true,
      "license": "MIT",
      "optional": true,
      "os": [
        "netbsd"
      ],
      "engines": {
        "node": ">=18"
      }
    },
    "node_modules/@esbuild/netbsd-x64": {
      "version": "0.25.6",
      "resolved": "https://registry.npmjs.org/@esbuild/netbsd-x64/-/netbsd-x64-0.25.6.tgz",
      "integrity": "sha512-dUXuZr5WenIDlMHdMkvDc1FAu4xdWixTCRgP7RQLBOkkGgwuuzaGSYcOpW4jFxzpzL1ejb8yF620UxAqnBrR9g==",
      "cpu": [
        "x64"
      ],
      "dev": true,
      "license": "MIT",
      "optional": true,
      "os": [
        "netbsd"
      ],
      "engines": {
        "node": ">=18"
      }
    },
    "node_modules/@esbuild/openbsd-arm64": {
      "version": "0.25.6",
      "resolved": "https://registry.npmjs.org/@esbuild/openbsd-arm64/-/openbsd-arm64-0.25.6.tgz",
      "integrity": "sha512-l8ZCvXP0tbTJ3iaqdNf3pjaOSd5ex/e6/omLIQCVBLmHTlfXW3zAxQ4fnDmPLOB1x9xrcSi/xtCWFwCZRIaEwg==",
      "cpu": [
        "arm64"
      ],
      "dev": true,
      "license": "MIT",
      "optional": true,
      "os": [
        "openbsd"
      ],
      "engines": {
        "node": ">=18"
      }
    },
    "node_modules/@esbuild/openbsd-x64": {
      "version": "0.25.6",
      "resolved": "https://registry.npmjs.org/@esbuild/openbsd-x64/-/openbsd-x64-0.25.6.tgz",
      "integrity": "sha512-hKrmDa0aOFOr71KQ/19JC7az1P0GWtCN1t2ahYAf4O007DHZt/dW8ym5+CUdJhQ/qkZmI1HAF8KkJbEFtCL7gw==",
      "cpu": [
        "x64"
      ],
      "dev": true,
      "license": "MIT",
      "optional": true,
      "os": [
        "openbsd"
      ],
      "engines": {
        "node": ">=18"
      }
    },
    "node_modules/@esbuild/openharmony-arm64": {
      "version": "0.25.6",
      "resolved": "https://registry.npmjs.org/@esbuild/openharmony-arm64/-/openharmony-arm64-0.25.6.tgz",
      "integrity": "sha512-+SqBcAWoB1fYKmpWoQP4pGtx+pUUC//RNYhFdbcSA16617cchuryuhOCRpPsjCblKukAckWsV+aQ3UKT/RMPcA==",
      "cpu": [
        "arm64"
      ],
      "dev": true,
      "license": "MIT",
      "optional": true,
      "os": [
        "openharmony"
      ],
      "engines": {
        "node": ">=18"
      }
    },
    "node_modules/@esbuild/sunos-x64": {
      "version": "0.25.6",
      "resolved": "https://registry.npmjs.org/@esbuild/sunos-x64/-/sunos-x64-0.25.6.tgz",
      "integrity": "sha512-dyCGxv1/Br7MiSC42qinGL8KkG4kX0pEsdb0+TKhmJZgCUDBGmyo1/ArCjNGiOLiIAgdbWgmWgib4HoCi5t7kA==",
      "cpu": [
        "x64"
      ],
      "dev": true,
      "license": "MIT",
      "optional": true,
      "os": [
        "sunos"
      ],
      "engines": {
        "node": ">=18"
      }
    },
    "node_modules/@esbuild/win32-arm64": {
      "version": "0.25.6",
      "resolved": "https://registry.npmjs.org/@esbuild/win32-arm64/-/win32-arm64-0.25.6.tgz",
      "integrity": "sha512-42QOgcZeZOvXfsCBJF5Afw73t4veOId//XD3i+/9gSkhSV6Gk3VPlWncctI+JcOyERv85FUo7RxuxGy+z8A43Q==",
      "cpu": [
        "arm64"
      ],
      "dev": true,
      "license": "MIT",
      "optional": true,
      "os": [
        "win32"
      ],
      "engines": {
        "node": ">=18"
      }
    },
    "node_modules/@esbuild/win32-ia32": {
      "version": "0.25.6",
      "resolved": "https://registry.npmjs.org/@esbuild/win32-ia32/-/win32-ia32-0.25.6.tgz",
      "integrity": "sha512-4AWhgXmDuYN7rJI6ORB+uU9DHLq/erBbuMoAuB4VWJTu5KtCgcKYPynF0YI1VkBNuEfjNlLrFr9KZPJzrtLkrQ==",
      "cpu": [
        "ia32"
      ],
      "dev": true,
      "license": "MIT",
      "optional": true,
      "os": [
        "win32"
      ],
      "engines": {
        "node": ">=18"
      }
    },
    "node_modules/@esbuild/win32-x64": {
      "version": "0.25.6",
      "resolved": "https://registry.npmjs.org/@esbuild/win32-x64/-/win32-x64-0.25.6.tgz",
      "integrity": "sha512-NgJPHHbEpLQgDH2MjQu90pzW/5vvXIZ7KOnPyNBm92A6WgZ/7b6fJyUBjoumLqeOQQGqY2QjQxRo97ah4Sj0cA==",
      "cpu": [
        "x64"
      ],
      "dev": true,
      "license": "MIT",
      "optional": true,
      "os": [
        "win32"
      ],
      "engines": {
        "node": ">=18"
      }
    },
    "node_modules/@eslint-community/eslint-utils": {
      "version": "4.7.0",
      "resolved": "https://registry.npmjs.org/@eslint-community/eslint-utils/-/eslint-utils-4.7.0.tgz",
      "integrity": "sha512-dyybb3AcajC7uha6CvhdVRJqaKyn7w2YKqKyAN37NKYgZT36w+iRb0Dymmc5qEJ549c/S31cMMSFd75bteCpCw==",
      "dev": true,
      "license": "MIT",
      "dependencies": {
        "eslint-visitor-keys": "^3.4.3"
      },
      "engines": {
        "node": "^12.22.0 || ^14.17.0 || >=16.0.0"
      },
      "funding": {
        "url": "https://opencollective.com/eslint"
      },
      "peerDependencies": {
        "eslint": "^6.0.0 || ^7.0.0 || >=8.0.0"
      }
    },
    "node_modules/@eslint-community/eslint-utils/node_modules/eslint-visitor-keys": {
      "version": "3.4.3",
      "resolved": "https://registry.npmjs.org/eslint-visitor-keys/-/eslint-visitor-keys-3.4.3.tgz",
      "integrity": "sha512-wpc+LXeiyiisxPlEkUzU6svyS1frIO3Mgxj1fdy7Pm8Ygzguax2N3Fa/D/ag1WqbOprdI+uY6wMUl8/a2G+iag==",
      "dev": true,
      "license": "Apache-2.0",
      "engines": {
        "node": "^12.22.0 || ^14.17.0 || >=16.0.0"
      },
      "funding": {
        "url": "https://opencollective.com/eslint"
      }
    },
    "node_modules/@eslint-community/regexpp": {
      "version": "4.12.1",
      "resolved": "https://registry.npmjs.org/@eslint-community/regexpp/-/regexpp-4.12.1.tgz",
      "integrity": "sha512-CCZCDJuduB9OUkFkY2IgppNZMi2lBQgD2qzwXkEia16cge2pijY/aXi96CJMquDMn3nJdlPV1A5KrJEXwfLNzQ==",
      "dev": true,
      "license": "MIT",
      "engines": {
        "node": "^12.0.0 || ^14.0.0 || >=16.0.0"
      }
    },
    "node_modules/@eslint/config-array": {
      "version": "0.21.0",
      "resolved": "https://registry.npmjs.org/@eslint/config-array/-/config-array-0.21.0.tgz",
      "integrity": "sha512-ENIdc4iLu0d93HeYirvKmrzshzofPw6VkZRKQGe9Nv46ZnWUzcF1xV01dcvEg/1wXUR61OmmlSfyeyO7EvjLxQ==",
      "dev": true,
      "license": "Apache-2.0",
      "dependencies": {
        "@eslint/object-schema": "^2.1.6",
        "debug": "^4.3.1",
        "minimatch": "^3.1.2"
      },
      "engines": {
        "node": "^18.18.0 || ^20.9.0 || >=21.1.0"
      }
    },
    "node_modules/@eslint/config-helpers": {
      "version": "0.3.0",
      "resolved": "https://registry.npmjs.org/@eslint/config-helpers/-/config-helpers-0.3.0.tgz",
      "integrity": "sha512-ViuymvFmcJi04qdZeDc2whTHryouGcDlaxPqarTD0ZE10ISpxGUVZGZDx4w01upyIynL3iu6IXH2bS1NhclQMw==",
      "dev": true,
      "license": "Apache-2.0",
      "engines": {
        "node": "^18.18.0 || ^20.9.0 || >=21.1.0"
      }
    },
    "node_modules/@eslint/core": {
      "version": "0.15.1",
      "resolved": "https://registry.npmjs.org/@eslint/core/-/core-0.15.1.tgz",
      "integrity": "sha512-bkOp+iumZCCbt1K1CmWf0R9pM5yKpDv+ZXtvSyQpudrI9kuFLp+bM2WOPXImuD/ceQuaa8f5pj93Y7zyECIGNA==",
      "dev": true,
      "license": "Apache-2.0",
      "dependencies": {
        "@types/json-schema": "^7.0.15"
      },
      "engines": {
        "node": "^18.18.0 || ^20.9.0 || >=21.1.0"
      }
    },
    "node_modules/@eslint/eslintrc": {
      "version": "3.3.1",
      "resolved": "https://registry.npmjs.org/@eslint/eslintrc/-/eslintrc-3.3.1.tgz",
      "integrity": "sha512-gtF186CXhIl1p4pJNGZw8Yc6RlshoePRvE0X91oPGb3vZ8pM3qOS9W9NGPat9LziaBV7XrJWGylNQXkGcnM3IQ==",
      "dev": true,
      "license": "MIT",
      "dependencies": {
        "ajv": "^6.12.4",
        "debug": "^4.3.2",
        "espree": "^10.0.1",
        "globals": "^14.0.0",
        "ignore": "^5.2.0",
        "import-fresh": "^3.2.1",
        "js-yaml": "^4.1.0",
        "minimatch": "^3.1.2",
        "strip-json-comments": "^3.1.1"
      },
      "engines": {
        "node": "^18.18.0 || ^20.9.0 || >=21.1.0"
      },
      "funding": {
        "url": "https://opencollective.com/eslint"
      }
    },
    "node_modules/@eslint/eslintrc/node_modules/globals": {
      "version": "14.0.0",
      "resolved": "https://registry.npmjs.org/globals/-/globals-14.0.0.tgz",
      "integrity": "sha512-oahGvuMGQlPw/ivIYBjVSrWAfWLBeku5tpPE2fOPLi+WHffIWbuh2tCjhyQhTBPMf5E9jDEH4FOmTYgYwbKwtQ==",
      "dev": true,
      "license": "MIT",
      "engines": {
        "node": ">=18"
      },
      "funding": {
        "url": "https://github.com/sponsors/sindresorhus"
      }
    },
    "node_modules/@eslint/js": {
      "version": "9.31.0",
      "resolved": "https://registry.npmjs.org/@eslint/js/-/js-9.31.0.tgz",
      "integrity": "sha512-LOm5OVt7D4qiKCqoiPbA7LWmI+tbw1VbTUowBcUMgQSuM6poJufkFkYDcQpo5KfgD39TnNySV26QjOh7VFpSyw==",
      "dev": true,
      "license": "MIT",
      "engines": {
        "node": "^18.18.0 || ^20.9.0 || >=21.1.0"
      },
      "funding": {
        "url": "https://eslint.org/donate"
      }
    },
    "node_modules/@eslint/object-schema": {
      "version": "2.1.6",
      "resolved": "https://registry.npmjs.org/@eslint/object-schema/-/object-schema-2.1.6.tgz",
      "integrity": "sha512-RBMg5FRL0I0gs51M/guSAj5/e14VQ4tpZnQNWwuDT66P14I43ItmPfIZRhO9fUVIPOAQXU47atlywZ/czoqFPA==",
      "dev": true,
      "license": "Apache-2.0",
      "engines": {
        "node": "^18.18.0 || ^20.9.0 || >=21.1.0"
      }
    },
    "node_modules/@eslint/plugin-kit": {
      "version": "0.3.3",
      "resolved": "https://registry.npmjs.org/@eslint/plugin-kit/-/plugin-kit-0.3.3.tgz",
      "integrity": "sha512-1+WqvgNMhmlAambTvT3KPtCl/Ibr68VldY2XY40SL1CE0ZXiakFR/cbTspaF5HsnpDMvcYYoJHfl4980NBjGag==",
      "dev": true,
      "license": "Apache-2.0",
      "dependencies": {
        "@eslint/core": "^0.15.1",
        "levn": "^0.4.1"
      },
      "engines": {
        "node": "^18.18.0 || ^20.9.0 || >=21.1.0"
      }
    },
    "node_modules/@humanfs/core": {
      "version": "0.19.1",
      "resolved": "https://registry.npmjs.org/@humanfs/core/-/core-0.19.1.tgz",
      "integrity": "sha512-5DyQ4+1JEUzejeK1JGICcideyfUbGixgS9jNgex5nqkW+cY7WZhxBigmieN5Qnw9ZosSNVC9KQKyb+GUaGyKUA==",
      "dev": true,
      "license": "Apache-2.0",
      "engines": {
        "node": ">=18.18.0"
      }
    },
    "node_modules/@humanfs/node": {
      "version": "0.16.6",
      "resolved": "https://registry.npmjs.org/@humanfs/node/-/node-0.16.6.tgz",
      "integrity": "sha512-YuI2ZHQL78Q5HbhDiBA1X4LmYdXCKCMQIfw0pw7piHJwyREFebJUvrQN4cMssyES6x+vfUbx1CIpaQUKYdQZOw==",
      "dev": true,
      "license": "Apache-2.0",
      "dependencies": {
        "@humanfs/core": "^0.19.1",
        "@humanwhocodes/retry": "^0.3.0"
      },
      "engines": {
        "node": ">=18.18.0"
      }
    },
    "node_modules/@humanfs/node/node_modules/@humanwhocodes/retry": {
      "version": "0.3.1",
      "resolved": "https://registry.npmjs.org/@humanwhocodes/retry/-/retry-0.3.1.tgz",
      "integrity": "sha512-JBxkERygn7Bv/GbN5Rv8Ul6LVknS+5Bp6RgDC/O8gEBU/yeH5Ui5C/OlWrTb6qct7LjjfT6Re2NxB0ln0yYybA==",
      "dev": true,
      "license": "Apache-2.0",
      "engines": {
        "node": ">=18.18"
      },
      "funding": {
        "type": "github",
        "url": "https://github.com/sponsors/nzakas"
      }
    },
    "node_modules/@humanwhocodes/module-importer": {
      "version": "1.0.1",
      "resolved": "https://registry.npmjs.org/@humanwhocodes/module-importer/-/module-importer-1.0.1.tgz",
      "integrity": "sha512-bxveV4V8v5Yb4ncFTT3rPSgZBOpCkjfK0y4oVVVJwIuDVBRMDXrPyXRL988i5ap9m9bnyEEjWfm5WkBmtffLfA==",
      "dev": true,
      "license": "Apache-2.0",
      "engines": {
        "node": ">=12.22"
      },
      "funding": {
        "type": "github",
        "url": "https://github.com/sponsors/nzakas"
      }
    },
    "node_modules/@humanwhocodes/retry": {
      "version": "0.4.3",
      "resolved": "https://registry.npmjs.org/@humanwhocodes/retry/-/retry-0.4.3.tgz",
      "integrity": "sha512-bV0Tgo9K4hfPCek+aMAn81RppFKv2ySDQeMoSZuvTASywNTnVJCArCZE2FWqpvIatKu7VMRLWlR1EazvVhDyhQ==",
      "dev": true,
      "license": "Apache-2.0",
      "engines": {
        "node": ">=18.18"
      },
      "funding": {
        "type": "github",
        "url": "https://github.com/sponsors/nzakas"
      }
    },
    "node_modules/@jridgewell/gen-mapping": {
      "version": "0.3.12",
      "resolved": "https://registry.npmjs.org/@jridgewell/gen-mapping/-/gen-mapping-0.3.12.tgz",
      "integrity": "sha512-OuLGC46TjB5BbN1dH8JULVVZY4WTdkF7tV9Ys6wLL1rubZnCMstOhNHueU5bLCrnRuDhKPDM4g6sw4Bel5Gzqg==",
      "dev": true,
      "license": "MIT",
      "dependencies": {
        "@jridgewell/sourcemap-codec": "^1.5.0",
        "@jridgewell/trace-mapping": "^0.3.24"
      }
    },
    "node_modules/@jridgewell/resolve-uri": {
      "version": "3.1.2",
      "resolved": "https://registry.npmjs.org/@jridgewell/resolve-uri/-/resolve-uri-3.1.2.tgz",
      "integrity": "sha512-bRISgCIjP20/tbWSPWMEi54QVPRZExkuD9lJL+UIxUKtwVJA8wW1Trb1jMs1RFXo1CBTNZ/5hpC9QvmKWdopKw==",
      "dev": true,
      "license": "MIT",
      "engines": {
        "node": ">=6.0.0"
      }
    },
    "node_modules/@jridgewell/sourcemap-codec": {
      "version": "1.5.4",
      "resolved": "https://registry.npmjs.org/@jridgewell/sourcemap-codec/-/sourcemap-codec-1.5.4.tgz",
      "integrity": "sha512-VT2+G1VQs/9oz078bLrYbecdZKs912zQlkelYpuf+SXF+QvZDYJlbx/LSx+meSAwdDFnF8FVXW92AVjjkVmgFw==",
      "dev": true,
      "license": "MIT"
    },
    "node_modules/@jridgewell/trace-mapping": {
      "version": "0.3.29",
      "resolved": "https://registry.npmjs.org/@jridgewell/trace-mapping/-/trace-mapping-0.3.29.tgz",
      "integrity": "sha512-uw6guiW/gcAGPDhLmd77/6lW8QLeiV5RUTsAX46Db6oLhGaVj4lhnPwb184s1bkc8kdVg/+h988dro8GRDpmYQ==",
      "dev": true,
      "license": "MIT",
      "dependencies": {
        "@jridgewell/resolve-uri": "^3.1.0",
        "@jridgewell/sourcemap-codec": "^1.4.14"
      }
    },
    "node_modules/@rolldown/pluginutils": {
      "version": "1.0.0-beta.19",
      "resolved": "https://registry.npmjs.org/@rolldown/pluginutils/-/pluginutils-1.0.0-beta.19.tgz",
      "integrity": "sha512-3FL3mnMbPu0muGOCaKAhhFEYmqv9eTfPSJRJmANrCwtgK8VuxpsZDGK+m0LYAGoyO8+0j5uRe4PeyPDK1yA/hA==",
      "dev": true,
      "license": "MIT"
    },
    "node_modules/@rollup/rollup-android-arm-eabi": {
      "version": "4.45.1",
      "resolved": "https://registry.npmjs.org/@rollup/rollup-android-arm-eabi/-/rollup-android-arm-eabi-4.45.1.tgz",
      "integrity": "sha512-NEySIFvMY0ZQO+utJkgoMiCAjMrGvnbDLHvcmlA33UXJpYBCvlBEbMMtV837uCkS+plG2umfhn0T5mMAxGrlRA==",
      "cpu": [
        "arm"
      ],
      "dev": true,
      "license": "MIT",
      "optional": true,
      "os": [
        "android"
      ]
    },
    "node_modules/@rollup/rollup-android-arm64": {
      "version": "4.45.1",
      "resolved": "https://registry.npmjs.org/@rollup/rollup-android-arm64/-/rollup-android-arm64-4.45.1.tgz",
      "integrity": "sha512-ujQ+sMXJkg4LRJaYreaVx7Z/VMgBBd89wGS4qMrdtfUFZ+TSY5Rs9asgjitLwzeIbhwdEhyj29zhst3L1lKsRQ==",
      "cpu": [
        "arm64"
      ],
      "dev": true,
      "license": "MIT",
      "optional": true,
      "os": [
        "android"
      ]
    },
    "node_modules/@rollup/rollup-darwin-arm64": {
      "version": "4.45.1",
      "resolved": "https://registry.npmjs.org/@rollup/rollup-darwin-arm64/-/rollup-darwin-arm64-4.45.1.tgz",
      "integrity": "sha512-FSncqHvqTm3lC6Y13xncsdOYfxGSLnP+73k815EfNmpewPs+EyM49haPS105Rh4aF5mJKywk9X0ogzLXZzN9lA==",
      "cpu": [
        "arm64"
      ],
      "dev": true,
      "license": "MIT",
      "optional": true,
      "os": [
        "darwin"
      ]
    },
    "node_modules/@rollup/rollup-darwin-x64": {
      "version": "4.45.1",
      "resolved": "https://registry.npmjs.org/@rollup/rollup-darwin-x64/-/rollup-darwin-x64-4.45.1.tgz",
      "integrity": "sha512-2/vVn/husP5XI7Fsf/RlhDaQJ7x9zjvC81anIVbr4b/f0xtSmXQTFcGIQ/B1cXIYM6h2nAhJkdMHTnD7OtQ9Og==",
      "cpu": [
        "x64"
      ],
      "dev": true,
      "license": "MIT",
      "optional": true,
      "os": [
        "darwin"
      ]
    },
    "node_modules/@rollup/rollup-freebsd-arm64": {
      "version": "4.45.1",
      "resolved": "https://registry.npmjs.org/@rollup/rollup-freebsd-arm64/-/rollup-freebsd-arm64-4.45.1.tgz",
      "integrity": "sha512-4g1kaDxQItZsrkVTdYQ0bxu4ZIQ32cotoQbmsAnW1jAE4XCMbcBPDirX5fyUzdhVCKgPcrwWuucI8yrVRBw2+g==",
      "cpu": [
        "arm64"
      ],
      "dev": true,
      "license": "MIT",
      "optional": true,
      "os": [
        "freebsd"
      ]
    },
    "node_modules/@rollup/rollup-freebsd-x64": {
      "version": "4.45.1",
      "resolved": "https://registry.npmjs.org/@rollup/rollup-freebsd-x64/-/rollup-freebsd-x64-4.45.1.tgz",
      "integrity": "sha512-L/6JsfiL74i3uK1Ti2ZFSNsp5NMiM4/kbbGEcOCps99aZx3g8SJMO1/9Y0n/qKlWZfn6sScf98lEOUe2mBvW9A==",
      "cpu": [
        "x64"
      ],
      "dev": true,
      "license": "MIT",
      "optional": true,
      "os": [
        "freebsd"
      ]
    },
    "node_modules/@rollup/rollup-linux-arm-gnueabihf": {
      "version": "4.45.1",
      "resolved": "https://registry.npmjs.org/@rollup/rollup-linux-arm-gnueabihf/-/rollup-linux-arm-gnueabihf-4.45.1.tgz",
      "integrity": "sha512-RkdOTu2jK7brlu+ZwjMIZfdV2sSYHK2qR08FUWcIoqJC2eywHbXr0L8T/pONFwkGukQqERDheaGTeedG+rra6Q==",
      "cpu": [
        "arm"
      ],
      "dev": true,
      "license": "MIT",
      "optional": true,
      "os": [
        "linux"
      ]
    },
    "node_modules/@rollup/rollup-linux-arm-musleabihf": {
      "version": "4.45.1",
      "resolved": "https://registry.npmjs.org/@rollup/rollup-linux-arm-musleabihf/-/rollup-linux-arm-musleabihf-4.45.1.tgz",
      "integrity": "sha512-3kJ8pgfBt6CIIr1o+HQA7OZ9mp/zDk3ctekGl9qn/pRBgrRgfwiffaUmqioUGN9hv0OHv2gxmvdKOkARCtRb8Q==",
      "cpu": [
        "arm"
      ],
      "dev": true,
      "license": "MIT",
      "optional": true,
      "os": [
        "linux"
      ]
    },
    "node_modules/@rollup/rollup-linux-arm64-gnu": {
      "version": "4.45.1",
      "resolved": "https://registry.npmjs.org/@rollup/rollup-linux-arm64-gnu/-/rollup-linux-arm64-gnu-4.45.1.tgz",
      "integrity": "sha512-k3dOKCfIVixWjG7OXTCOmDfJj3vbdhN0QYEqB+OuGArOChek22hn7Uy5A/gTDNAcCy5v2YcXRJ/Qcnm4/ma1xw==",
      "cpu": [
        "arm64"
      ],
      "dev": true,
      "license": "MIT",
      "optional": true,
      "os": [
        "linux"
      ]
    },
    "node_modules/@rollup/rollup-linux-arm64-musl": {
      "version": "4.45.1",
      "resolved": "https://registry.npmjs.org/@rollup/rollup-linux-arm64-musl/-/rollup-linux-arm64-musl-4.45.1.tgz",
      "integrity": "sha512-PmI1vxQetnM58ZmDFl9/Uk2lpBBby6B6rF4muJc65uZbxCs0EA7hhKCk2PKlmZKuyVSHAyIw3+/SiuMLxKxWog==",
      "cpu": [
        "arm64"
      ],
      "dev": true,
      "license": "MIT",
      "optional": true,
      "os": [
        "linux"
      ]
    },
    "node_modules/@rollup/rollup-linux-loongarch64-gnu": {
      "version": "4.45.1",
      "resolved": "https://registry.npmjs.org/@rollup/rollup-linux-loongarch64-gnu/-/rollup-linux-loongarch64-gnu-4.45.1.tgz",
      "integrity": "sha512-9UmI0VzGmNJ28ibHW2GpE2nF0PBQqsyiS4kcJ5vK+wuwGnV5RlqdczVocDSUfGX/Na7/XINRVoUgJyFIgipoRg==",
      "cpu": [
        "loong64"
      ],
      "dev": true,
      "license": "MIT",
      "optional": true,
      "os": [
        "linux"
      ]
    },
    "node_modules/@rollup/rollup-linux-powerpc64le-gnu": {
      "version": "4.45.1",
      "resolved": "https://registry.npmjs.org/@rollup/rollup-linux-powerpc64le-gnu/-/rollup-linux-powerpc64le-gnu-4.45.1.tgz",
      "integrity": "sha512-7nR2KY8oEOUTD3pBAxIBBbZr0U7U+R9HDTPNy+5nVVHDXI4ikYniH1oxQz9VoB5PbBU1CZuDGHkLJkd3zLMWsg==",
      "cpu": [
        "ppc64"
      ],
      "dev": true,
      "license": "MIT",
      "optional": true,
      "os": [
        "linux"
      ]
    },
    "node_modules/@rollup/rollup-linux-riscv64-gnu": {
      "version": "4.45.1",
      "resolved": "https://registry.npmjs.org/@rollup/rollup-linux-riscv64-gnu/-/rollup-linux-riscv64-gnu-4.45.1.tgz",
      "integrity": "sha512-nlcl3jgUultKROfZijKjRQLUu9Ma0PeNv/VFHkZiKbXTBQXhpytS8CIj5/NfBeECZtY2FJQubm6ltIxm/ftxpw==",
      "cpu": [
        "riscv64"
      ],
      "dev": true,
      "license": "MIT",
      "optional": true,
      "os": [
        "linux"
      ]
    },
    "node_modules/@rollup/rollup-linux-riscv64-musl": {
      "version": "4.45.1",
      "resolved": "https://registry.npmjs.org/@rollup/rollup-linux-riscv64-musl/-/rollup-linux-riscv64-musl-4.45.1.tgz",
      "integrity": "sha512-HJV65KLS51rW0VY6rvZkiieiBnurSzpzore1bMKAhunQiECPuxsROvyeaot/tcK3A3aGnI+qTHqisrpSgQrpgA==",
      "cpu": [
        "riscv64"
      ],
      "dev": true,
      "license": "MIT",
      "optional": true,
      "os": [
        "linux"
      ]
    },
    "node_modules/@rollup/rollup-linux-s390x-gnu": {
      "version": "4.45.1",
      "resolved": "https://registry.npmjs.org/@rollup/rollup-linux-s390x-gnu/-/rollup-linux-s390x-gnu-4.45.1.tgz",
      "integrity": "sha512-NITBOCv3Qqc6hhwFt7jLV78VEO/il4YcBzoMGGNxznLgRQf43VQDae0aAzKiBeEPIxnDrACiMgbqjuihx08OOw==",
      "cpu": [
        "s390x"
      ],
      "dev": true,
      "license": "MIT",
      "optional": true,
      "os": [
        "linux"
      ]
    },
    "node_modules/@rollup/rollup-linux-x64-gnu": {
      "version": "4.45.1",
      "resolved": "https://registry.npmjs.org/@rollup/rollup-linux-x64-gnu/-/rollup-linux-x64-gnu-4.45.1.tgz",
      "integrity": "sha512-+E/lYl6qu1zqgPEnTrs4WysQtvc/Sh4fC2nByfFExqgYrqkKWp1tWIbe+ELhixnenSpBbLXNi6vbEEJ8M7fiHw==",
      "cpu": [
        "x64"
      ],
      "dev": true,
      "license": "MIT",
      "optional": true,
      "os": [
        "linux"
      ]
    },
    "node_modules/@rollup/rollup-linux-x64-musl": {
      "version": "4.45.1",
      "resolved": "https://registry.npmjs.org/@rollup/rollup-linux-x64-musl/-/rollup-linux-x64-musl-4.45.1.tgz",
      "integrity": "sha512-a6WIAp89p3kpNoYStITT9RbTbTnqarU7D8N8F2CV+4Cl9fwCOZraLVuVFvlpsW0SbIiYtEnhCZBPLoNdRkjQFw==",
      "cpu": [
        "x64"
      ],
      "dev": true,
      "license": "MIT",
      "optional": true,
      "os": [
        "linux"
      ]
    },
    "node_modules/@rollup/rollup-win32-arm64-msvc": {
      "version": "4.45.1",
      "resolved": "https://registry.npmjs.org/@rollup/rollup-win32-arm64-msvc/-/rollup-win32-arm64-msvc-4.45.1.tgz",
      "integrity": "sha512-T5Bi/NS3fQiJeYdGvRpTAP5P02kqSOpqiopwhj0uaXB6nzs5JVi2XMJb18JUSKhCOX8+UE1UKQufyD6Or48dJg==",
      "cpu": [
        "arm64"
      ],
      "dev": true,
      "license": "MIT",
      "optional": true,
      "os": [
        "win32"
      ]
    },
    "node_modules/@rollup/rollup-win32-ia32-msvc": {
      "version": "4.45.1",
      "resolved": "https://registry.npmjs.org/@rollup/rollup-win32-ia32-msvc/-/rollup-win32-ia32-msvc-4.45.1.tgz",
      "integrity": "sha512-lxV2Pako3ujjuUe9jiU3/s7KSrDfH6IgTSQOnDWr9aJ92YsFd7EurmClK0ly/t8dzMkDtd04g60WX6yl0sGfdw==",
      "cpu": [
        "ia32"
      ],
      "dev": true,
      "license": "MIT",
      "optional": true,
      "os": [
        "win32"
      ]
    },
    "node_modules/@rollup/rollup-win32-x64-msvc": {
      "version": "4.45.1",
      "resolved": "https://registry.npmjs.org/@rollup/rollup-win32-x64-msvc/-/rollup-win32-x64-msvc-4.45.1.tgz",
      "integrity": "sha512-M/fKi4sasCdM8i0aWJjCSFm2qEnYRR8AMLG2kxp6wD13+tMGA4Z1tVAuHkNRjud5SW2EM3naLuK35w9twvf6aA==",
      "cpu": [
        "x64"
      ],
      "dev": true,
      "license": "MIT",
      "optional": true,
      "os": [
        "win32"
      ]
    },
    "node_modules/@types/babel__core": {
      "version": "7.20.5",
      "resolved": "https://registry.npmjs.org/@types/babel__core/-/babel__core-7.20.5.tgz",
      "integrity": "sha512-qoQprZvz5wQFJwMDqeseRXWv3rqMvhgpbXFfVyWhbx9X47POIA6i/+dXefEmZKoAgOaTdaIgNSMqMIU61yRyzA==",
      "dev": true,
      "license": "MIT",
      "dependencies": {
        "@babel/parser": "^7.20.7",
        "@babel/types": "^7.20.7",
        "@types/babel__generator": "*",
        "@types/babel__template": "*",
        "@types/babel__traverse": "*"
      }
    },
    "node_modules/@types/babel__generator": {
      "version": "7.27.0",
      "resolved": "https://registry.npmjs.org/@types/babel__generator/-/babel__generator-7.27.0.tgz",
      "integrity": "sha512-ufFd2Xi92OAVPYsy+P4n7/U7e68fex0+Ee8gSG9KX7eo084CWiQ4sdxktvdl0bOPupXtVJPY19zk6EwWqUQ8lg==",
      "dev": true,
      "license": "MIT",
      "dependencies": {
        "@babel/types": "^7.0.0"
      }
    },
    "node_modules/@types/babel__template": {
      "version": "7.4.4",
      "resolved": "https://registry.npmjs.org/@types/babel__template/-/babel__template-7.4.4.tgz",
      "integrity": "sha512-h/NUaSyG5EyxBIp8YRxo4RMe2/qQgvyowRwVMzhYhBCONbW8PUsg4lkFMrhgZhUe5z3L3MiLDuvyJ/CaPa2A8A==",
      "dev": true,
      "license": "MIT",
      "dependencies": {
        "@babel/parser": "^7.1.0",
        "@babel/types": "^7.0.0"
      }
    },
    "node_modules/@types/babel__traverse": {
      "version": "7.20.7",
      "resolved": "https://registry.npmjs.org/@types/babel__traverse/-/babel__traverse-7.20.7.tgz",
      "integrity": "sha512-dkO5fhS7+/oos4ciWxyEyjWe48zmG6wbCheo/G2ZnHx4fs3EU6YC6UM8rk56gAjNJ9P3MTH2jo5jb92/K6wbng==",
      "dev": true,
      "license": "MIT",
      "dependencies": {
        "@babel/types": "^7.20.7"
      }
    },
    "node_modules/@types/estree": {
      "version": "1.0.8",
      "resolved": "https://registry.npmjs.org/@types/estree/-/estree-1.0.8.tgz",
      "integrity": "sha512-dWHzHa2WqEXI/O1E9OjrocMTKJl2mSrEolh1Iomrv6U+JuNwaHXsXx9bLu5gG7BUWFIN0skIQJQ/L1rIex4X6w==",
      "dev": true,
      "license": "MIT"
    },
    "node_modules/@types/json-schema": {
      "version": "7.0.15",
      "resolved": "https://registry.npmjs.org/@types/json-schema/-/json-schema-7.0.15.tgz",
      "integrity": "sha512-5+fP8P8MFNC+AyZCDxrB2pkZFPGzqQWUzpSeuuVLvm8VMcorNYavBqoFcxK8bQz4Qsbn4oUEEem4wDLfcysGHA==",
      "dev": true,
      "license": "MIT"
    },
    "node_modules/@types/react": {
      "version": "19.1.8",
      "resolved": "https://registry.npmjs.org/@types/react/-/react-19.1.8.tgz",
      "integrity": "sha512-AwAfQ2Wa5bCx9WP8nZL2uMZWod7J7/JSplxbTmBQ5ms6QpqNYm672H0Vu9ZVKVngQ+ii4R/byguVEUZQyeg44g==",
      "dev": true,
      "license": "MIT",
      "dependencies": {
        "csstype": "^3.0.2"
      }
    },
    "node_modules/@types/react-dom": {
      "version": "19.1.6",
      "resolved": "https://registry.npmjs.org/@types/react-dom/-/react-dom-19.1.6.tgz",
      "integrity": "sha512-4hOiT/dwO8Ko0gV1m/TJZYk3y0KBnY9vzDh7W+DH17b2HFSOGgdj33dhihPeuy3l0q23+4e+hoXHV6hCC4dCXw==",
      "dev": true,
      "license": "MIT",
      "peerDependencies": {
        "@types/react": "^19.0.0"
      }
    },
    "node_modules/@vitejs/plugin-react": {
      "version": "4.6.0",
      "resolved": "https://registry.npmjs.org/@vitejs/plugin-react/-/plugin-react-4.6.0.tgz",
      "integrity": "sha512-5Kgff+m8e2PB+9j51eGHEpn5kUzRKH2Ry0qGoe8ItJg7pqnkPrYPkDQZGgGmTa0EGarHrkjLvOdU3b1fzI8otQ==",
      "dev": true,
      "license": "MIT",
      "dependencies": {
        "@babel/core": "^7.27.4",
        "@babel/plugin-transform-react-jsx-self": "^7.27.1",
        "@babel/plugin-transform-react-jsx-source": "^7.27.1",
        "@rolldown/pluginutils": "1.0.0-beta.19",
        "@types/babel__core": "^7.20.5",
        "react-refresh": "^0.17.0"
      },
      "engines": {
        "node": "^14.18.0 || >=16.0.0"
      },
      "peerDependencies": {
        "vite": "^4.2.0 || ^5.0.0 || ^6.0.0 || ^7.0.0-beta.0"
      }
    },
    "node_modules/acorn": {
      "version": "8.15.0",
      "resolved": "https://registry.npmjs.org/acorn/-/acorn-8.15.0.tgz",
      "integrity": "sha512-NZyJarBfL7nWwIq+FDL6Zp/yHEhePMNnnJ0y3qfieCrmNvYct8uvtiV41UvlSe6apAfk0fY1FbWx+NwfmpvtTg==",
      "dev": true,
      "license": "MIT",
      "bin": {
        "acorn": "bin/acorn"
      },
      "engines": {
        "node": ">=0.4.0"
      }
    },
    "node_modules/acorn-jsx": {
      "version": "5.3.2",
      "resolved": "https://registry.npmjs.org/acorn-jsx/-/acorn-jsx-5.3.2.tgz",
      "integrity": "sha512-rq9s+JNhf0IChjtDXxllJ7g41oZk5SlXtp0LHwyA5cejwn7vKmKp4pPri6YEePv2PU65sAsegbXtIinmDFDXgQ==",
      "dev": true,
      "license": "MIT",
      "peerDependencies": {
        "acorn": "^6.0.0 || ^7.0.0 || ^8.0.0"
      }
    },
    "node_modules/ajv": {
      "version": "6.12.6",
      "resolved": "https://registry.npmjs.org/ajv/-/ajv-6.12.6.tgz",
      "integrity": "sha512-j3fVLgvTo527anyYyJOGTYJbG+vnnQYvE0m5mmkc1TK+nxAppkCLMIL0aZ4dblVCNoGShhm+kzE4ZUykBoMg4g==",
      "dev": true,
      "license": "MIT",
      "dependencies": {
        "fast-deep-equal": "^3.1.1",
        "fast-json-stable-stringify": "^2.0.0",
        "json-schema-traverse": "^0.4.1",
        "uri-js": "^4.2.2"
      },
      "funding": {
        "type": "github",
        "url": "https://github.com/sponsors/epoberezkin"
      }
    },
    "node_modules/ansi-styles": {
      "version": "4.3.0",
      "resolved": "https://registry.npmjs.org/ansi-styles/-/ansi-styles-4.3.0.tgz",
      "integrity": "sha512-zbB9rCJAT1rbjiVDb2hqKFHNYLxgtk8NURxZ3IZwD3F6NtxbXZQCnnSi1Lkx+IDohdPlFp222wVALIheZJQSEg==",
      "dev": true,
      "license": "MIT",
      "dependencies": {
        "color-convert": "^2.0.1"
      },
      "engines": {
        "node": ">=8"
      },
      "funding": {
        "url": "https://github.com/chalk/ansi-styles?sponsor=1"
      }
    },
    "node_modules/argparse": {
      "version": "2.0.1",
      "resolved": "https://registry.npmjs.org/argparse/-/argparse-2.0.1.tgz",
      "integrity": "sha512-8+9WqebbFzpX9OR+Wa6O29asIogeRMzcGtAINdpMHHyAg10f05aSFVBbcEqGf/PXw1EjAZ+q2/bEBg3DvurK3Q==",
      "dev": true,
      "license": "Python-2.0"
    },
    "node_modules/balanced-match": {
      "version": "1.0.2",
      "resolved": "https://registry.npmjs.org/balanced-match/-/balanced-match-1.0.2.tgz",
      "integrity": "sha512-3oSeUO0TMV67hN1AmbXsK4yaqU7tjiHlbxRDZOpH0KW9+CeX4bRAaX0Anxt0tx2MrpRpWwQaPwIlISEJhYU5Pw==",
      "dev": true,
      "license": "MIT"
    },
    "node_modules/brace-expansion": {
      "version": "1.1.12",
      "resolved": "https://registry.npmjs.org/brace-expansion/-/brace-expansion-1.1.12.tgz",
      "integrity": "sha512-9T9UjW3r0UW5c1Q7GTwllptXwhvYmEzFhzMfZ9H7FQWt+uZePjZPjBP/W1ZEyZ1twGWom5/56TF4lPcqjnDHcg==",
      "dev": true,
      "license": "MIT",
      "dependencies": {
        "balanced-match": "^1.0.0",
        "concat-map": "0.0.1"
      }
    },
    "node_modules/browserslist": {
      "version": "4.25.1",
      "resolved": "https://registry.npmjs.org/browserslist/-/browserslist-4.25.1.tgz",
      "integrity": "sha512-KGj0KoOMXLpSNkkEI6Z6mShmQy0bc1I+T7K9N81k4WWMrfz+6fQ6es80B/YLAeRoKvjYE1YSHHOW1qe9xIVzHw==",
      "dev": true,
      "funding": [
        {
          "type": "opencollective",
          "url": "https://opencollective.com/browserslist"
        },
        {
          "type": "tidelift",
          "url": "https://tidelift.com/funding/github/npm/browserslist"
        },
        {
          "type": "github",
          "url": "https://github.com/sponsors/ai"
        }
      ],
      "license": "MIT",
      "dependencies": {
        "caniuse-lite": "^1.0.30001726",
        "electron-to-chromium": "^1.5.173",
        "node-releases": "^2.0.19",
        "update-browserslist-db": "^1.1.3"
      },
      "bin": {
        "browserslist": "cli.js"
      },
      "engines": {
        "node": "^6 || ^7 || ^8 || ^9 || ^10 || ^11 || ^12 || >=13.7"
      }
    },
    "node_modules/callsites": {
      "version": "3.1.0",
      "resolved": "https://registry.npmjs.org/callsites/-/callsites-3.1.0.tgz",
      "integrity": "sha512-P8BjAsXvZS+VIDUI11hHCQEv74YT67YUi5JJFNWIqL235sBmjX4+qx9Muvls5ivyNENctx46xQLQ3aTuE7ssaQ==",
      "dev": true,
      "license": "MIT",
      "engines": {
        "node": ">=6"
      }
    },
    "node_modules/caniuse-lite": {
      "version": "1.0.30001727",
      "resolved": "https://registry.npmjs.org/caniuse-lite/-/caniuse-lite-1.0.30001727.tgz",
      "integrity": "sha512-pB68nIHmbN6L/4C6MH1DokyR3bYqFwjaSs/sWDHGj4CTcFtQUQMuJftVwWkXq7mNWOybD3KhUv3oWHoGxgP14Q==",
      "dev": true,
      "funding": [
        {
          "type": "opencollective",
          "url": "https://opencollective.com/browserslist"
        },
        {
          "type": "tidelift",
          "url": "https://tidelift.com/funding/github/npm/caniuse-lite"
        },
        {
          "type": "github",
          "url": "https://github.com/sponsors/ai"
        }
      ],
      "license": "CC-BY-4.0"
    },
    "node_modules/chalk": {
      "version": "4.1.2",
      "resolved": "https://registry.npmjs.org/chalk/-/chalk-4.1.2.tgz",
      "integrity": "sha512-oKnbhFyRIXpUuez8iBMmyEa4nbj4IOQyuhc/wy9kY7/WVPcwIO9VA668Pu8RkO7+0G76SLROeyw9CpQ061i4mA==",
      "dev": true,
      "license": "MIT",
      "dependencies": {
        "ansi-styles": "^4.1.0",
        "supports-color": "^7.1.0"
      },
      "engines": {
        "node": ">=10"
      },
      "funding": {
        "url": "https://github.com/chalk/chalk?sponsor=1"
      }
    },
    "node_modules/color-convert": {
      "version": "2.0.1",
      "resolved": "https://registry.npmjs.org/color-convert/-/color-convert-2.0.1.tgz",
      "integrity": "sha512-RRECPsj7iu/xb5oKYcsFHSppFNnsj/52OVTRKb4zP5onXwVF3zVmmToNcOfGC+CRDpfK/U584fMg38ZHCaElKQ==",
      "dev": true,
      "license": "MIT",
      "dependencies": {
        "color-name": "~1.1.4"
      },
      "engines": {
        "node": ">=7.0.0"
      }
    },
    "node_modules/color-name": {
      "version": "1.1.4",
      "resolved": "https://registry.npmjs.org/color-name/-/color-name-1.1.4.tgz",
      "integrity": "sha512-dOy+3AuW3a2wNbZHIuMZpTcgjGuLU/uBL/ubcZF9OXbDo8ff4O8yVp5Bf0efS8uEoYo5q4Fx7dY9OgQGXgAsQA==",
      "dev": true,
      "license": "MIT"
    },
    "node_modules/concat-map": {
      "version": "0.0.1",
      "resolved": "https://registry.npmjs.org/concat-map/-/concat-map-0.0.1.tgz",
      "integrity": "sha512-/Srv4dswyQNBfohGpz9o6Yb3Gz3SrUDqBH5rTuhGR7ahtlbYKnVxw2bCFMRljaA7EXHaXZ8wsHdodFvbkhKmqg==",
      "dev": true,
      "license": "MIT"
    },
    "node_modules/convert-source-map": {
      "version": "2.0.0",
      "resolved": "https://registry.npmjs.org/convert-source-map/-/convert-source-map-2.0.0.tgz",
      "integrity": "sha512-Kvp459HrV2FEJ1CAsi1Ku+MY3kasH19TFykTz2xWmMeq6bk2NU3XXvfJ+Q61m0xktWwt+1HSYf3JZsTms3aRJg==",
      "dev": true,
      "license": "MIT"
    },
    "node_modules/cross-spawn": {
      "version": "7.0.6",
      "resolved": "https://registry.npmjs.org/cross-spawn/-/cross-spawn-7.0.6.tgz",
      "integrity": "sha512-uV2QOWP2nWzsy2aMp8aRibhi9dlzF5Hgh5SHaB9OiTGEyDTiJJyx0uy51QXdyWbtAHNua4XJzUKca3OzKUd3vA==",
      "dev": true,
      "license": "MIT",
      "dependencies": {
        "path-key": "^3.1.0",
        "shebang-command": "^2.0.0",
        "which": "^2.0.1"
      },
      "engines": {
        "node": ">= 8"
      }
    },
    "node_modules/csstype": {
      "version": "3.1.3",
      "resolved": "https://registry.npmjs.org/csstype/-/csstype-3.1.3.tgz",
      "integrity": "sha512-M1uQkMl8rQK/szD0LNhtqxIPLpimGm8sOBwU7lLnCpSbTyY3yeU1Vc7l4KT5zT4s/yOxHH5O7tIuuLOCnLADRw==",
      "dev": true,
      "license": "MIT"
    },
    "node_modules/debug": {
      "version": "4.4.1",
      "resolved": "https://registry.npmjs.org/debug/-/debug-4.4.1.tgz",
      "integrity": "sha512-KcKCqiftBJcZr++7ykoDIEwSa3XWowTfNPo92BYxjXiyYEVrUQh2aLyhxBCwww+heortUFxEJYcRzosstTEBYQ==",
      "dev": true,
      "license": "MIT",
      "dependencies": {
        "ms": "^2.1.3"
      },
      "engines": {
        "node": ">=6.0"
      },
      "peerDependenciesMeta": {
        "supports-color": {
          "optional": true
        }
      }
    },
    "node_modules/deep-is": {
      "version": "0.1.4",
      "resolved": "https://registry.npmjs.org/deep-is/-/deep-is-0.1.4.tgz",
      "integrity": "sha512-oIPzksmTg4/MriiaYGO+okXDT7ztn/w3Eptv/+gSIdMdKsJo0u4CfYNFJPy+4SKMuCqGw2wxnA+URMg3t8a/bQ==",
      "dev": true,
      "license": "MIT"
    },
    "node_modules/electron-to-chromium": {
      "version": "1.5.186",
      "resolved": "https://registry.npmjs.org/electron-to-chromium/-/electron-to-chromium-1.5.186.tgz",
      "integrity": "sha512-lur7L4BFklgepaJxj4DqPk7vKbTEl0pajNlg2QjE5shefmlmBLm2HvQ7PMf1R/GvlevT/581cop33/quQcfX3A==",
      "dev": true,
      "license": "ISC"
    },
    "node_modules/esbuild": {
      "version": "0.25.6",
      "resolved": "https://registry.npmjs.org/esbuild/-/esbuild-0.25.6.tgz",
      "integrity": "sha512-GVuzuUwtdsghE3ocJ9Bs8PNoF13HNQ5TXbEi2AhvVb8xU1Iwt9Fos9FEamfoee+u/TOsn7GUWc04lz46n2bbTg==",
      "dev": true,
      "hasInstallScript": true,
      "license": "MIT",
      "bin": {
        "esbuild": "bin/esbuild"
      },
      "engines": {
        "node": ">=18"
      },
      "optionalDependencies": {
        "@esbuild/aix-ppc64": "0.25.6",
        "@esbuild/android-arm": "0.25.6",
        "@esbuild/android-arm64": "0.25.6",
        "@esbuild/android-x64": "0.25.6",
        "@esbuild/darwin-arm64": "0.25.6",
        "@esbuild/darwin-x64": "0.25.6",
        "@esbuild/freebsd-arm64": "0.25.6",
        "@esbuild/freebsd-x64": "0.25.6",
        "@esbuild/linux-arm": "0.25.6",
        "@esbuild/linux-arm64": "0.25.6",
        "@esbuild/linux-ia32": "0.25.6",
        "@esbuild/linux-loong64": "0.25.6",
        "@esbuild/linux-mips64el": "0.25.6",
        "@esbuild/linux-ppc64": "0.25.6",
        "@esbuild/linux-riscv64": "0.25.6",
        "@esbuild/linux-s390x": "0.25.6",
        "@esbuild/linux-x64": "0.25.6",
        "@esbuild/netbsd-arm64": "0.25.6",
        "@esbuild/netbsd-x64": "0.25.6",
        "@esbuild/openbsd-arm64": "0.25.6",
        "@esbuild/openbsd-x64": "0.25.6",
        "@esbuild/openharmony-arm64": "0.25.6",
        "@esbuild/sunos-x64": "0.25.6",
        "@esbuild/win32-arm64": "0.25.6",
        "@esbuild/win32-ia32": "0.25.6",
        "@esbuild/win32-x64": "0.25.6"
      }
    },
    "node_modules/escalade": {
      "version": "3.2.0",
      "resolved": "https://registry.npmjs.org/escalade/-/escalade-3.2.0.tgz",
      "integrity": "sha512-WUj2qlxaQtO4g6Pq5c29GTcWGDyd8itL8zTlipgECz3JesAiiOKotd8JU6otB3PACgG6xkJUyVhboMS+bje/jA==",
      "dev": true,
      "license": "MIT",
      "engines": {
        "node": ">=6"
      }
    },
    "node_modules/escape-string-regexp": {
      "version": "4.0.0",
      "resolved": "https://registry.npmjs.org/escape-string-regexp/-/escape-string-regexp-4.0.0.tgz",
      "integrity": "sha512-TtpcNJ3XAzx3Gq8sWRzJaVajRs0uVxA2YAkdb1jm2YkPz4G6egUFAyA3n5vtEIZefPk5Wa4UXbKuS5fKkJWdgA==",
      "dev": true,
      "license": "MIT",
      "engines": {
        "node": ">=10"
      },
      "funding": {
        "url": "https://github.com/sponsors/sindresorhus"
      }
    },
    "node_modules/eslint": {
      "version": "9.31.0",
      "resolved": "https://registry.npmjs.org/eslint/-/eslint-9.31.0.tgz",
      "integrity": "sha512-QldCVh/ztyKJJZLr4jXNUByx3gR+TDYZCRXEktiZoUR3PGy4qCmSbkxcIle8GEwGpb5JBZazlaJ/CxLidXdEbQ==",
      "dev": true,
      "license": "MIT",
      "dependencies": {
        "@eslint-community/eslint-utils": "^4.2.0",
        "@eslint-community/regexpp": "^4.12.1",
        "@eslint/config-array": "^0.21.0",
        "@eslint/config-helpers": "^0.3.0",
        "@eslint/core": "^0.15.0",
        "@eslint/eslintrc": "^3.3.1",
        "@eslint/js": "9.31.0",
        "@eslint/plugin-kit": "^0.3.1",
        "@humanfs/node": "^0.16.6",
        "@humanwhocodes/module-importer": "^1.0.1",
        "@humanwhocodes/retry": "^0.4.2",
        "@types/estree": "^1.0.6",
        "@types/json-schema": "^7.0.15",
        "ajv": "^6.12.4",
        "chalk": "^4.0.0",
        "cross-spawn": "^7.0.6",
        "debug": "^4.3.2",
        "escape-string-regexp": "^4.0.0",
        "eslint-scope": "^8.4.0",
        "eslint-visitor-keys": "^4.2.1",
        "espree": "^10.4.0",
        "esquery": "^1.5.0",
        "esutils": "^2.0.2",
        "fast-deep-equal": "^3.1.3",
        "file-entry-cache": "^8.0.0",
        "find-up": "^5.0.0",
        "glob-parent": "^6.0.2",
        "ignore": "^5.2.0",
        "imurmurhash": "^0.1.4",
        "is-glob": "^4.0.0",
        "json-stable-stringify-without-jsonify": "^1.0.1",
        "lodash.merge": "^4.6.2",
        "minimatch": "^3.1.2",
        "natural-compare": "^1.4.0",
        "optionator": "^0.9.3"
      },
      "bin": {
        "eslint": "bin/eslint.js"
      },
      "engines": {
        "node": "^18.18.0 || ^20.9.0 || >=21.1.0"
      },
      "funding": {
        "url": "https://eslint.org/donate"
      },
      "peerDependencies": {
        "jiti": "*"
      },
      "peerDependenciesMeta": {
        "jiti": {
          "optional": true
        }
      }
    },
    "node_modules/eslint-plugin-react-hooks": {
      "version": "5.2.0",
      "resolved": "https://registry.npmjs.org/eslint-plugin-react-hooks/-/eslint-plugin-react-hooks-5.2.0.tgz",
      "integrity": "sha512-+f15FfK64YQwZdJNELETdn5ibXEUQmW1DZL6KXhNnc2heoy/sg9VJJeT7n8TlMWouzWqSWavFkIhHyIbIAEapg==",
      "dev": true,
      "license": "MIT",
      "engines": {
        "node": ">=10"
      },
      "peerDependencies": {
        "eslint": "^3.0.0 || ^4.0.0 || ^5.0.0 || ^6.0.0 || ^7.0.0 || ^8.0.0-0 || ^9.0.0"
      }
    },
    "node_modules/eslint-plugin-react-refresh": {
      "version": "0.4.20",
      "resolved": "https://registry.npmjs.org/eslint-plugin-react-refresh/-/eslint-plugin-react-refresh-0.4.20.tgz",
      "integrity": "sha512-XpbHQ2q5gUF8BGOX4dHe+71qoirYMhApEPZ7sfhF/dNnOF1UXnCMGZf79SFTBO7Bz5YEIT4TMieSlJBWhP9WBA==",
      "dev": true,
      "license": "MIT",
      "peerDependencies": {
        "eslint": ">=8.40"
      }
    },
    "node_modules/eslint-scope": {
      "version": "8.4.0",
      "resolved": "https://registry.npmjs.org/eslint-scope/-/eslint-scope-8.4.0.tgz",
      "integrity": "sha512-sNXOfKCn74rt8RICKMvJS7XKV/Xk9kA7DyJr8mJik3S7Cwgy3qlkkmyS2uQB3jiJg6VNdZd/pDBJu0nvG2NlTg==",
      "dev": true,
      "license": "BSD-2-Clause",
      "dependencies": {
        "esrecurse": "^4.3.0",
        "estraverse": "^5.2.0"
      },
      "engines": {
        "node": "^18.18.0 || ^20.9.0 || >=21.1.0"
      },
      "funding": {
        "url": "https://opencollective.com/eslint"
      }
    },
    "node_modules/eslint-visitor-keys": {
      "version": "4.2.1",
      "resolved": "https://registry.npmjs.org/eslint-visitor-keys/-/eslint-visitor-keys-4.2.1.tgz",
      "integrity": "sha512-Uhdk5sfqcee/9H/rCOJikYz67o0a2Tw2hGRPOG2Y1R2dg7brRe1uG0yaNQDHu+TO/uQPF/5eCapvYSmHUjt7JQ==",
      "dev": true,
      "license": "Apache-2.0",
      "engines": {
        "node": "^18.18.0 || ^20.9.0 || >=21.1.0"
      },
      "funding": {
        "url": "https://opencollective.com/eslint"
      }
    },
    "node_modules/espree": {
      "version": "10.4.0",
      "resolved": "https://registry.npmjs.org/espree/-/espree-10.4.0.tgz",
      "integrity": "sha512-j6PAQ2uUr79PZhBjP5C5fhl8e39FmRnOjsD5lGnWrFU8i2G776tBK7+nP8KuQUTTyAZUwfQqXAgrVH5MbH9CYQ==",
      "dev": true,
      "license": "BSD-2-Clause",
      "dependencies": {
        "acorn": "^8.15.0",
        "acorn-jsx": "^5.3.2",
        "eslint-visitor-keys": "^4.2.1"
      },
      "engines": {
        "node": "^18.18.0 || ^20.9.0 || >=21.1.0"
      },
      "funding": {
        "url": "https://opencollective.com/eslint"
      }
    },
    "node_modules/esquery": {
      "version": "1.6.0",
      "resolved": "https://registry.npmjs.org/esquery/-/esquery-1.6.0.tgz",
      "integrity": "sha512-ca9pw9fomFcKPvFLXhBKUK90ZvGibiGOvRJNbjljY7s7uq/5YO4BOzcYtJqExdx99rF6aAcnRxHmcUHcz6sQsg==",
      "dev": true,
      "license": "BSD-3-Clause",
      "dependencies": {
        "estraverse": "^5.1.0"
      },
      "engines": {
        "node": ">=0.10"
      }
    },
    "node_modules/esrecurse": {
      "version": "4.3.0",
      "resolved": "https://registry.npmjs.org/esrecurse/-/esrecurse-4.3.0.tgz",
      "integrity": "sha512-KmfKL3b6G+RXvP8N1vr3Tq1kL/oCFgn2NYXEtqP8/L3pKapUA4G8cFVaoF3SU323CD4XypR/ffioHmkti6/Tag==",
      "dev": true,
      "license": "BSD-2-Clause",
      "dependencies": {
        "estraverse": "^5.2.0"
      },
      "engines": {
        "node": ">=4.0"
      }
    },
    "node_modules/estraverse": {
      "version": "5.3.0",
      "resolved": "https://registry.npmjs.org/estraverse/-/estraverse-5.3.0.tgz",
      "integrity": "sha512-MMdARuVEQziNTeJD8DgMqmhwR11BRQ/cBP+pLtYdSTnf3MIO8fFeiINEbX36ZdNlfU/7A9f3gUw49B3oQsvwBA==",
      "dev": true,
      "license": "BSD-2-Clause",
      "engines": {
        "node": ">=4.0"
      }
    },
    "node_modules/esutils": {
      "version": "2.0.3",
      "resolved": "https://registry.npmjs.org/esutils/-/esutils-2.0.3.tgz",
      "integrity": "sha512-kVscqXk4OCp68SZ0dkgEKVi6/8ij300KBWTJq32P/dYeWTSwK41WyTxalN1eRmA5Z9UU/LX9D7FWSmV9SAYx6g==",
      "dev": true,
      "license": "BSD-2-Clause",
      "engines": {
        "node": ">=0.10.0"
      }
    },
    "node_modules/fast-deep-equal": {
      "version": "3.1.3",
      "resolved": "https://registry.npmjs.org/fast-deep-equal/-/fast-deep-equal-3.1.3.tgz",
      "integrity": "sha512-f3qQ9oQy9j2AhBe/H9VC91wLmKBCCU/gDOnKNAYG5hswO7BLKj09Hc5HYNz9cGI++xlpDCIgDaitVs03ATR84Q==",
      "dev": true,
      "license": "MIT"
    },
    "node_modules/fast-json-stable-stringify": {
      "version": "2.1.0",
      "resolved": "https://registry.npmjs.org/fast-json-stable-stringify/-/fast-json-stable-stringify-2.1.0.tgz",
      "integrity": "sha512-lhd/wF+Lk98HZoTCtlVraHtfh5XYijIjalXck7saUtuanSDyLMxnHhSXEDJqHxD7msR8D0uCmqlkwjCV8xvwHw==",
      "dev": true,
      "license": "MIT"
    },
    "node_modules/fast-levenshtein": {
      "version": "2.0.6",
      "resolved": "https://registry.npmjs.org/fast-levenshtein/-/fast-levenshtein-2.0.6.tgz",
      "integrity": "sha512-DCXu6Ifhqcks7TZKY3Hxp3y6qphY5SJZmrWMDrKcERSOXWQdMhU9Ig/PYrzyw/ul9jOIyh0N4M0tbC5hodg8dw==",
      "dev": true,
      "license": "MIT"
    },
    "node_modules/fdir": {
      "version": "6.4.6",
      "resolved": "https://registry.npmjs.org/fdir/-/fdir-6.4.6.tgz",
      "integrity": "sha512-hiFoqpyZcfNm1yc4u8oWCf9A2c4D3QjCrks3zmoVKVxpQRzmPNar1hUJcBG2RQHvEVGDN+Jm81ZheVLAQMK6+w==",
      "dev": true,
      "license": "MIT",
      "peerDependencies": {
        "picomatch": "^3 || ^4"
      },
      "peerDependenciesMeta": {
        "picomatch": {
          "optional": true
        }
      }
    },
    "node_modules/file-entry-cache": {
      "version": "8.0.0",
      "resolved": "https://registry.npmjs.org/file-entry-cache/-/file-entry-cache-8.0.0.tgz",
      "integrity": "sha512-XXTUwCvisa5oacNGRP9SfNtYBNAMi+RPwBFmblZEF7N7swHYQS6/Zfk7SRwx4D5j3CH211YNRco1DEMNVfZCnQ==",
      "dev": true,
      "license": "MIT",
      "dependencies": {
        "flat-cache": "^4.0.0"
      },
      "engines": {
        "node": ">=16.0.0"
      }
    },
    "node_modules/find-up": {
      "version": "5.0.0",
      "resolved": "https://registry.npmjs.org/find-up/-/find-up-5.0.0.tgz",
      "integrity": "sha512-78/PXT1wlLLDgTzDs7sjq9hzz0vXD+zn+7wypEe4fXQxCmdmqfGsEPQxmiCSQI3ajFV91bVSsvNtrJRiW6nGng==",
      "dev": true,
      "license": "MIT",
      "dependencies": {
        "locate-path": "^6.0.0",
        "path-exists": "^4.0.0"
      },
      "engines": {
        "node": ">=10"
      },
      "funding": {
        "url": "https://github.com/sponsors/sindresorhus"
      }
    },
    "node_modules/flat-cache": {
      "version": "4.0.1",
      "resolved": "https://registry.npmjs.org/flat-cache/-/flat-cache-4.0.1.tgz",
      "integrity": "sha512-f7ccFPK3SXFHpx15UIGyRJ/FJQctuKZ0zVuN3frBo4HnK3cay9VEW0R6yPYFHC0AgqhukPzKjq22t5DmAyqGyw==",
      "dev": true,
      "license": "MIT",
      "dependencies": {
        "flatted": "^3.2.9",
        "keyv": "^4.5.4"
      },
      "engines": {
        "node": ">=16"
      }
    },
    "node_modules/flatted": {
      "version": "3.3.3",
      "resolved": "https://registry.npmjs.org/flatted/-/flatted-3.3.3.tgz",
      "integrity": "sha512-GX+ysw4PBCz0PzosHDepZGANEuFCMLrnRTiEy9McGjmkCQYwRq4A/X786G/fjM/+OjsWSU1ZrY5qyARZmO/uwg==",
      "dev": true,
      "license": "ISC"
    },
    "node_modules/fsevents": {
      "version": "2.3.3",
      "resolved": "https://registry.npmjs.org/fsevents/-/fsevents-2.3.3.tgz",
      "integrity": "sha512-5xoDfX+fL7faATnagmWPpbFtwh/R77WmMMqqHGS65C3vvB0YHrgF+B1YmZ3441tMj5n63k0212XNoJwzlhffQw==",
      "dev": true,
      "hasInstallScript": true,
      "license": "MIT",
      "optional": true,
      "os": [
        "darwin"
      ],
      "engines": {
        "node": "^8.16.0 || ^10.6.0 || >=11.0.0"
      }
    },
    "node_modules/gensync": {
      "version": "1.0.0-beta.2",
      "resolved": "https://registry.npmjs.org/gensync/-/gensync-1.0.0-beta.2.tgz",
      "integrity": "sha512-3hN7NaskYvMDLQY55gnW3NQ+mesEAepTqlg+VEbj7zzqEMBVNhzcGYYeqFo/TlYz6eQiFcp1HcsCZO+nGgS8zg==",
      "dev": true,
      "license": "MIT",
      "engines": {
        "node": ">=6.9.0"
      }
    },
    "node_modules/glob-parent": {
      "version": "6.0.2",
      "resolved": "https://registry.npmjs.org/glob-parent/-/glob-parent-6.0.2.tgz",
      "integrity": "sha512-XxwI8EOhVQgWp6iDL+3b0r86f4d6AX6zSU55HfB4ydCEuXLXc5FcYeOu+nnGftS4TEju/11rt4KJPTMgbfmv4A==",
      "dev": true,
      "license": "ISC",
      "dependencies": {
        "is-glob": "^4.0.3"
      },
      "engines": {
        "node": ">=10.13.0"
      }
    },
    "node_modules/globals": {
      "version": "16.3.0",
      "resolved": "https://registry.npmjs.org/globals/-/globals-16.3.0.tgz",
      "integrity": "sha512-bqWEnJ1Nt3neqx2q5SFfGS8r/ahumIakg3HcwtNlrVlwXIeNumWn/c7Pn/wKzGhf6SaW6H6uWXLqC30STCMchQ==",
      "dev": true,
      "license": "MIT",
      "engines": {
        "node": ">=18"
      },
      "funding": {
        "url": "https://github.com/sponsors/sindresorhus"
      }
    },
    "node_modules/has-flag": {
      "version": "4.0.0",
      "resolved": "https://registry.npmjs.org/has-flag/-/has-flag-4.0.0.tgz",
      "integrity": "sha512-EykJT/Q1KjTWctppgIAgfSO0tKVuZUjhgMr17kqTumMl6Afv3EISleU7qZUzoXDFTAHTDC4NOoG/ZxU3EvlMPQ==",
      "dev": true,
      "license": "MIT",
      "engines": {
        "node": ">=8"
      }
    },
    "node_modules/ignore": {
      "version": "5.3.2",
      "resolved": "https://registry.npmjs.org/ignore/-/ignore-5.3.2.tgz",
      "integrity": "sha512-hsBTNUqQTDwkWtcdYI2i06Y/nUBEsNEDJKjWdigLvegy8kDuJAS8uRlpkkcQpyEXL0Z/pjDy5HBmMjRCJ2gq+g==",
      "dev": true,
      "license": "MIT",
      "engines": {
        "node": ">= 4"
      }
    },
    "node_modules/import-fresh": {
      "version": "3.3.1",
      "resolved": "https://registry.npmjs.org/import-fresh/-/import-fresh-3.3.1.tgz",
      "integrity": "sha512-TR3KfrTZTYLPB6jUjfx6MF9WcWrHL9su5TObK4ZkYgBdWKPOFoSoQIdEuTuR82pmtxH2spWG9h6etwfr1pLBqQ==",
      "dev": true,
      "license": "MIT",
      "dependencies": {
        "parent-module": "^1.0.0",
        "resolve-from": "^4.0.0"
      },
      "engines": {
        "node": ">=6"
      },
      "funding": {
        "url": "https://github.com/sponsors/sindresorhus"
      }
    },
    "node_modules/imurmurhash": {
      "version": "0.1.4",
      "resolved": "https://registry.npmjs.org/imurmurhash/-/imurmurhash-0.1.4.tgz",
      "integrity": "sha512-JmXMZ6wuvDmLiHEml9ykzqO6lwFbof0GG4IkcGaENdCRDDmMVnny7s5HsIgHCbaq0w2MyPhDqkhTUgS2LU2PHA==",
      "dev": true,
      "license": "MIT",
      "engines": {
        "node": ">=0.8.19"
      }
    },
    "node_modules/is-extglob": {
      "version": "2.1.1",
      "resolved": "https://registry.npmjs.org/is-extglob/-/is-extglob-2.1.1.tgz",
      "integrity": "sha512-SbKbANkN603Vi4jEZv49LeVJMn4yGwsbzZworEoyEiutsN3nJYdbO36zfhGJ6QEDpOZIFkDtnq5JRxmvl3jsoQ==",
      "dev": true,
      "license": "MIT",
      "engines": {
        "node": ">=0.10.0"
      }
    },
    "node_modules/is-glob": {
      "version": "4.0.3",
      "resolved": "https://registry.npmjs.org/is-glob/-/is-glob-4.0.3.tgz",
      "integrity": "sha512-xelSayHH36ZgE7ZWhli7pW34hNbNl8Ojv5KVmkJD4hBdD3th8Tfk9vYasLM+mXWOZhFkgZfxhLSnrwRr4elSSg==",
      "dev": true,
      "license": "MIT",
      "dependencies": {
        "is-extglob": "^2.1.1"
      },
      "engines": {
        "node": ">=0.10.0"
      }
    },
    "node_modules/isexe": {
      "version": "2.0.0",
      "resolved": "https://registry.npmjs.org/isexe/-/isexe-2.0.0.tgz",
      "integrity": "sha512-RHxMLp9lnKHGHRng9QFhRCMbYAcVpn69smSGcq3f36xjgVVWThj4qqLbTLlq7Ssj8B+fIQ1EuCEGI2lKsyQeIw==",
      "dev": true,
      "license": "ISC"
    },
    "node_modules/js-tokens": {
      "version": "4.0.0",
      "resolved": "https://registry.npmjs.org/js-tokens/-/js-tokens-4.0.0.tgz",
      "integrity": "sha512-RdJUflcE3cUzKiMqQgsCu06FPu9UdIJO0beYbPhHN4k6apgJtifcoCtT9bcxOpYBtpD2kCM6Sbzg4CausW/PKQ==",
      "dev": true,
      "license": "MIT"
    },
    "node_modules/js-yaml": {
      "version": "4.1.0",
      "resolved": "https://registry.npmjs.org/js-yaml/-/js-yaml-4.1.0.tgz",
      "integrity": "sha512-wpxZs9NoxZaJESJGIZTyDEaYpl0FKSA+FB9aJiyemKhMwkxQg63h4T1KJgUGHpTqPDNRcmmYLugrRjJlBtWvRA==",
      "dev": true,
      "license": "MIT",
      "dependencies": {
        "argparse": "^2.0.1"
      },
      "bin": {
        "js-yaml": "bin/js-yaml.js"
      }
    },
    "node_modules/jsesc": {
      "version": "3.1.0",
      "resolved": "https://registry.npmjs.org/jsesc/-/jsesc-3.1.0.tgz",
      "integrity": "sha512-/sM3dO2FOzXjKQhJuo0Q173wf2KOo8t4I8vHy6lF9poUp7bKT0/NHE8fPX23PwfhnykfqnC2xRxOnVw5XuGIaA==",
      "dev": true,
      "license": "MIT",
      "bin": {
        "jsesc": "bin/jsesc"
      },
      "engines": {
        "node": ">=6"
      }
    },
    "node_modules/json-buffer": {
      "version": "3.0.1",
      "resolved": "https://registry.npmjs.org/json-buffer/-/json-buffer-3.0.1.tgz",
      "integrity": "sha512-4bV5BfR2mqfQTJm+V5tPPdf+ZpuhiIvTuAB5g8kcrXOZpTT/QwwVRWBywX1ozr6lEuPdbHxwaJlm9G6mI2sfSQ==",
      "dev": true,
      "license": "MIT"
    },
    "node_modules/json-schema-traverse": {
      "version": "0.4.1",
      "resolved": "https://registry.npmjs.org/json-schema-traverse/-/json-schema-traverse-0.4.1.tgz",
      "integrity": "sha512-xbbCH5dCYU5T8LcEhhuh7HJ88HXuW3qsI3Y0zOZFKfZEHcpWiHU/Jxzk629Brsab/mMiHQti9wMP+845RPe3Vg==",
      "dev": true,
      "license": "MIT"
    },
    "node_modules/json-stable-stringify-without-jsonify": {
      "version": "1.0.1",
      "resolved": "https://registry.npmjs.org/json-stable-stringify-without-jsonify/-/json-stable-stringify-without-jsonify-1.0.1.tgz",
      "integrity": "sha512-Bdboy+l7tA3OGW6FjyFHWkP5LuByj1Tk33Ljyq0axyzdk9//JSi2u3fP1QSmd1KNwq6VOKYGlAu87CisVir6Pw==",
      "dev": true,
      "license": "MIT"
    },
    "node_modules/json5": {
      "version": "2.2.3",
      "resolved": "https://registry.npmjs.org/json5/-/json5-2.2.3.tgz",
      "integrity": "sha512-XmOWe7eyHYH14cLdVPoyg+GOH3rYX++KpzrylJwSW98t3Nk+U8XOl8FWKOgwtzdb8lXGf6zYwDUzeHMWfxasyg==",
      "dev": true,
      "license": "MIT",
      "bin": {
        "json5": "lib/cli.js"
      },
      "engines": {
        "node": ">=6"
      }
    },
    "node_modules/keyv": {
      "version": "4.5.4",
      "resolved": "https://registry.npmjs.org/keyv/-/keyv-4.5.4.tgz",
      "integrity": "sha512-oxVHkHR/EJf2CNXnWxRLW6mg7JyCCUcG0DtEGmL2ctUo1PNTin1PUil+r/+4r5MpVgC/fn1kjsx7mjSujKqIpw==",
      "dev": true,
      "license": "MIT",
      "dependencies": {
        "json-buffer": "3.0.1"
      }
    },
    "node_modules/levn": {
      "version": "0.4.1",
      "resolved": "https://registry.npmjs.org/levn/-/levn-0.4.1.tgz",
      "integrity": "sha512-+bT2uH4E5LGE7h/n3evcS/sQlJXCpIp6ym8OWJ5eV6+67Dsql/LaaT7qJBAt2rzfoa/5QBGBhxDix1dMt2kQKQ==",
      "dev": true,
      "license": "MIT",
      "dependencies": {
        "prelude-ls": "^1.2.1",
        "type-check": "~0.4.0"
      },
      "engines": {
        "node": ">= 0.8.0"
      }
    },
    "node_modules/locate-path": {
      "version": "6.0.0",
      "resolved": "https://registry.npmjs.org/locate-path/-/locate-path-6.0.0.tgz",
      "integrity": "sha512-iPZK6eYjbxRu3uB4/WZ3EsEIMJFMqAoopl3R+zuq0UjcAm/MO6KCweDgPfP3elTztoKP3KtnVHxTn2NHBSDVUw==",
      "dev": true,
      "license": "MIT",
      "dependencies": {
        "p-locate": "^5.0.0"
      },
      "engines": {
        "node": ">=10"
      },
      "funding": {
        "url": "https://github.com/sponsors/sindresorhus"
      }
    },
    "node_modules/lodash.merge": {
      "version": "4.6.2",
      "resolved": "https://registry.npmjs.org/lodash.merge/-/lodash.merge-4.6.2.tgz",
      "integrity": "sha512-0KpjqXRVvrYyCsX1swR/XTK0va6VQkQM6MNo7PqW77ByjAhoARA8EfrP1N4+KlKj8YS0ZUCtRT/YUuhyYDujIQ==",
      "dev": true,
      "license": "MIT"
    },
    "node_modules/lru-cache": {
      "version": "5.1.1",
      "resolved": "https://registry.npmjs.org/lru-cache/-/lru-cache-5.1.1.tgz",
      "integrity": "sha512-KpNARQA3Iwv+jTA0utUVVbrh+Jlrr1Fv0e56GGzAFOXN7dk/FviaDW8LHmK52DlcH4WP2n6gI8vN1aesBFgo9w==",
      "dev": true,
      "license": "ISC",
      "dependencies": {
        "yallist": "^3.0.2"
      }
    },
    "node_modules/minimatch": {
      "version": "3.1.2",
      "resolved": "https://registry.npmjs.org/minimatch/-/minimatch-3.1.2.tgz",
      "integrity": "sha512-J7p63hRiAjw1NDEww1W7i37+ByIrOWO5XQQAzZ3VOcL0PNybwpfmV/N05zFAzwQ9USyEcX6t3UO+K5aqBQOIHw==",
      "dev": true,
      "license": "ISC",
      "dependencies": {
        "brace-expansion": "^1.1.7"
      },
      "engines": {
        "node": "*"
      }
    },
    "node_modules/ms": {
      "version": "2.1.3",
      "resolved": "https://registry.npmjs.org/ms/-/ms-2.1.3.tgz",
      "integrity": "sha512-6FlzubTLZG3J2a/NVCAleEhjzq5oxgHyaCU9yYXvcLsvoVaHJq/s5xXI6/XXP6tz7R9xAOtHnSO/tXtF3WRTlA==",
      "dev": true,
      "license": "MIT"
    },
    "node_modules/nanoid": {
      "version": "3.3.11",
      "resolved": "https://registry.npmjs.org/nanoid/-/nanoid-3.3.11.tgz",
      "integrity": "sha512-N8SpfPUnUp1bK+PMYW8qSWdl9U+wwNWI4QKxOYDy9JAro3WMX7p2OeVRF9v+347pnakNevPmiHhNmZ2HbFA76w==",
      "dev": true,
      "funding": [
        {
          "type": "github",
          "url": "https://github.com/sponsors/ai"
        }
      ],
      "license": "MIT",
      "bin": {
        "nanoid": "bin/nanoid.cjs"
      },
      "engines": {
        "node": "^10 || ^12 || ^13.7 || ^14 || >=15.0.1"
      }
    },
    "node_modules/natural-compare": {
      "version": "1.4.0",
      "resolved": "https://registry.npmjs.org/natural-compare/-/natural-compare-1.4.0.tgz",
      "integrity": "sha512-OWND8ei3VtNC9h7V60qff3SVobHr996CTwgxubgyQYEpg290h9J0buyECNNJexkFm5sOajh5G116RYA1c8ZMSw==",
      "dev": true,
      "license": "MIT"
    },
    "node_modules/node-releases": {
      "version": "2.0.19",
      "resolved": "https://registry.npmjs.org/node-releases/-/node-releases-2.0.19.tgz",
      "integrity": "sha512-xxOWJsBKtzAq7DY0J+DTzuz58K8e7sJbdgwkbMWQe8UYB6ekmsQ45q0M/tJDsGaZmbC+l7n57UV8Hl5tHxO9uw==",
      "dev": true,
      "license": "MIT"
    },
    "node_modules/optionator": {
      "version": "0.9.4",
      "resolved": "https://registry.npmjs.org/optionator/-/optionator-0.9.4.tgz",
      "integrity": "sha512-6IpQ7mKUxRcZNLIObR0hz7lxsapSSIYNZJwXPGeF0mTVqGKFIXj1DQcMoT22S3ROcLyY/rz0PWaWZ9ayWmad9g==",
      "dev": true,
      "license": "MIT",
      "dependencies": {
        "deep-is": "^0.1.3",
        "fast-levenshtein": "^2.0.6",
        "levn": "^0.4.1",
        "prelude-ls": "^1.2.1",
        "type-check": "^0.4.0",
        "word-wrap": "^1.2.5"
      },
      "engines": {
        "node": ">= 0.8.0"
      }
    },
    "node_modules/p-limit": {
      "version": "3.1.0",
      "resolved": "https://registry.npmjs.org/p-limit/-/p-limit-3.1.0.tgz",
      "integrity": "sha512-TYOanM3wGwNGsZN2cVTYPArw454xnXj5qmWF1bEoAc4+cU/ol7GVh7odevjp1FNHduHc3KZMcFduxU5Xc6uJRQ==",
      "dev": true,
      "license": "MIT",
      "dependencies": {
        "yocto-queue": "^0.1.0"
      },
      "engines": {
        "node": ">=10"
      },
      "funding": {
        "url": "https://github.com/sponsors/sindresorhus"
      }
    },
    "node_modules/p-locate": {
      "version": "5.0.0",
      "resolved": "https://registry.npmjs.org/p-locate/-/p-locate-5.0.0.tgz",
      "integrity": "sha512-LaNjtRWUBY++zB5nE/NwcaoMylSPk+S+ZHNB1TzdbMJMny6dynpAGt7X/tl/QYq3TIeE6nxHppbo2LGymrG5Pw==",
      "dev": true,
      "license": "MIT",
      "dependencies": {
        "p-limit": "^3.0.2"
      },
      "engines": {
        "node": ">=10"
      },
      "funding": {
        "url": "https://github.com/sponsors/sindresorhus"
      }
    },
    "node_modules/parent-module": {
      "version": "1.0.1",
      "resolved": "https://registry.npmjs.org/parent-module/-/parent-module-1.0.1.tgz",
      "integrity": "sha512-GQ2EWRpQV8/o+Aw8YqtfZZPfNRWZYkbidE9k5rpl/hC3vtHHBfGm2Ifi6qWV+coDGkrUKZAxE3Lot5kcsRlh+g==",
      "dev": true,
      "license": "MIT",
      "dependencies": {
        "callsites": "^3.0.0"
      },
      "engines": {
        "node": ">=6"
      }
    },
    "node_modules/path-exists": {
      "version": "4.0.0",
      "resolved": "https://registry.npmjs.org/path-exists/-/path-exists-4.0.0.tgz",
      "integrity": "sha512-ak9Qy5Q7jYb2Wwcey5Fpvg2KoAc/ZIhLSLOSBmRmygPsGwkVVt0fZa0qrtMz+m6tJTAHfZQ8FnmB4MG4LWy7/w==",
      "dev": true,
      "license": "MIT",
      "engines": {
        "node": ">=8"
      }
    },
    "node_modules/path-key": {
      "version": "3.1.1",
      "resolved": "https://registry.npmjs.org/path-key/-/path-key-3.1.1.tgz",
      "integrity": "sha512-ojmeN0qd+y0jszEtoY48r0Peq5dwMEkIlCOu6Q5f41lfkswXuKtYrhgoTpLnyIcHm24Uhqx+5Tqm2InSwLhE6Q==",
      "dev": true,
      "license": "MIT",
      "engines": {
        "node": ">=8"
      }
    },
    "node_modules/picocolors": {
      "version": "1.1.1",
      "resolved": "https://registry.npmjs.org/picocolors/-/picocolors-1.1.1.tgz",
      "integrity": "sha512-xceH2snhtb5M9liqDsmEw56le376mTZkEX/jEb/RxNFyegNul7eNslCXP9FDj/Lcu0X8KEyMceP2ntpaHrDEVA==",
      "dev": true,
      "license": "ISC"
    },
    "node_modules/picomatch": {
      "version": "4.0.3",
      "resolved": "https://registry.npmjs.org/picomatch/-/picomatch-4.0.3.tgz",
      "integrity": "sha512-5gTmgEY/sqK6gFXLIsQNH19lWb4ebPDLA4SdLP7dsWkIXHWlG66oPuVvXSGFPppYZz8ZDZq0dYYrbHfBCVUb1Q==",
      "dev": true,
      "license": "MIT",
      "engines": {
        "node": ">=12"
      },
      "funding": {
        "url": "https://github.com/sponsors/jonschlinkert"
      }
    },
    "node_modules/postcss": {
      "version": "8.5.6",
      "resolved": "https://registry.npmjs.org/postcss/-/postcss-8.5.6.tgz",
      "integrity": "sha512-3Ybi1tAuwAP9s0r1UQ2J4n5Y0G05bJkpUIO0/bI9MhwmD70S5aTWbXGBwxHrelT+XM1k6dM0pk+SwNkpTRN7Pg==",
      "dev": true,
      "funding": [
        {
          "type": "opencollective",
          "url": "https://opencollective.com/postcss/"
        },
        {
          "type": "tidelift",
          "url": "https://tidelift.com/funding/github/npm/postcss"
        },
        {
          "type": "github",
          "url": "https://github.com/sponsors/ai"
        }
      ],
      "license": "MIT",
      "dependencies": {
        "nanoid": "^3.3.11",
        "picocolors": "^1.1.1",
        "source-map-js": "^1.2.1"
      },
      "engines": {
        "node": "^10 || ^12 || >=14"
      }
    },
    "node_modules/prelude-ls": {
      "version": "1.2.1",
      "resolved": "https://registry.npmjs.org/prelude-ls/-/prelude-ls-1.2.1.tgz",
      "integrity": "sha512-vkcDPrRZo1QZLbn5RLGPpg/WmIQ65qoWWhcGKf/b5eplkkarX0m9z8ppCat4mlOqUsWpyNuYgO3VRyrYHSzX5g==",
      "dev": true,
      "license": "MIT",
      "engines": {
        "node": ">= 0.8.0"
      }
    },
    "node_modules/punycode": {
      "version": "2.3.1",
      "resolved": "https://registry.npmjs.org/punycode/-/punycode-2.3.1.tgz",
      "integrity": "sha512-vYt7UD1U9Wg6138shLtLOvdAu+8DsC/ilFtEVHcH+wydcSpNE20AfSOduf6MkRFahL5FY7X1oU7nKVZFtfq8Fg==",
      "dev": true,
      "license": "MIT",
      "engines": {
        "node": ">=6"
      }
    },
    "node_modules/react": {
      "version": "19.1.0",
      "resolved": "https://registry.npmjs.org/react/-/react-19.1.0.tgz",
      "integrity": "sha512-FS+XFBNvn3GTAWq26joslQgWNoFu08F4kl0J4CgdNKADkdSGXQyTCnKteIAJy96Br6YbpEU1LSzV5dYtjMkMDg==",
      "license": "MIT",
      "engines": {
        "node": ">=0.10.0"
      }
    },
    "node_modules/react-dom": {
      "version": "19.1.0",
      "resolved": "https://registry.npmjs.org/react-dom/-/react-dom-19.1.0.tgz",
      "integrity": "sha512-Xs1hdnE+DyKgeHJeJznQmYMIBG3TKIHJJT95Q58nHLSrElKlGQqDTR2HQ9fx5CN/Gk6Vh/kupBTDLU11/nDk/g==",
      "license": "MIT",
      "dependencies": {
        "scheduler": "^0.26.0"
      },
      "peerDependencies": {
        "react": "^19.1.0"
      }
    },
    "node_modules/react-refresh": {
      "version": "0.17.0",
      "resolved": "https://registry.npmjs.org/react-refresh/-/react-refresh-0.17.0.tgz",
      "integrity": "sha512-z6F7K9bV85EfseRCp2bzrpyQ0Gkw1uLoCel9XBVWPg/TjRj94SkJzUTGfOa4bs7iJvBWtQG0Wq7wnI0syw3EBQ==",
      "dev": true,
      "license": "MIT",
      "engines": {
        "node": ">=0.10.0"
      }
    },
    "node_modules/resolve-from": {
      "version": "4.0.0",
      "resolved": "https://registry.npmjs.org/resolve-from/-/resolve-from-4.0.0.tgz",
      "integrity": "sha512-pb/MYmXstAkysRFx8piNI1tGFNQIFA3vkE3Gq4EuA1dF6gHp/+vgZqsCGJapvy8N3Q+4o7FwvquPJcnZ7RYy4g==",
      "dev": true,
      "license": "MIT",
      "engines": {
        "node": ">=4"
      }
    },
    "node_modules/rollup": {
      "version": "4.45.1",
      "resolved": "https://registry.npmjs.org/rollup/-/rollup-4.45.1.tgz",
      "integrity": "sha512-4iya7Jb76fVpQyLoiVpzUrsjQ12r3dM7fIVz+4NwoYvZOShknRmiv+iu9CClZml5ZLGb0XMcYLutK6w9tgxHDw==",
      "dev": true,
      "license": "MIT",
      "dependencies": {
        "@types/estree": "1.0.8"
      },
      "bin": {
        "rollup": "dist/bin/rollup"
      },
      "engines": {
        "node": ">=18.0.0",
        "npm": ">=8.0.0"
      },
      "optionalDependencies": {
        "@rollup/rollup-android-arm-eabi": "4.45.1",
        "@rollup/rollup-android-arm64": "4.45.1",
        "@rollup/rollup-darwin-arm64": "4.45.1",
        "@rollup/rollup-darwin-x64": "4.45.1",
        "@rollup/rollup-freebsd-arm64": "4.45.1",
        "@rollup/rollup-freebsd-x64": "4.45.1",
        "@rollup/rollup-linux-arm-gnueabihf": "4.45.1",
        "@rollup/rollup-linux-arm-musleabihf": "4.45.1",
        "@rollup/rollup-linux-arm64-gnu": "4.45.1",
        "@rollup/rollup-linux-arm64-musl": "4.45.1",
        "@rollup/rollup-linux-loongarch64-gnu": "4.45.1",
        "@rollup/rollup-linux-powerpc64le-gnu": "4.45.1",
        "@rollup/rollup-linux-riscv64-gnu": "4.45.1",
        "@rollup/rollup-linux-riscv64-musl": "4.45.1",
        "@rollup/rollup-linux-s390x-gnu": "4.45.1",
        "@rollup/rollup-linux-x64-gnu": "4.45.1",
        "@rollup/rollup-linux-x64-musl": "4.45.1",
        "@rollup/rollup-win32-arm64-msvc": "4.45.1",
        "@rollup/rollup-win32-ia32-msvc": "4.45.1",
        "@rollup/rollup-win32-x64-msvc": "4.45.1",
        "fsevents": "~2.3.2"
      }
    },
    "node_modules/scheduler": {
      "version": "0.26.0",
      "resolved": "https://registry.npmjs.org/scheduler/-/scheduler-0.26.0.tgz",
      "integrity": "sha512-NlHwttCI/l5gCPR3D1nNXtWABUmBwvZpEQiD4IXSbIDq8BzLIK/7Ir5gTFSGZDUu37K5cMNp0hFtzO38sC7gWA==",
      "license": "MIT"
    },
    "node_modules/semver": {
      "version": "6.3.1",
      "resolved": "https://registry.npmjs.org/semver/-/semver-6.3.1.tgz",
      "integrity": "sha512-BR7VvDCVHO+q2xBEWskxS6DJE1qRnb7DxzUrogb71CWoSficBxYsiAGd+Kl0mmq/MprG9yArRkyrQxTO6XjMzA==",
      "dev": true,
      "license": "ISC",
      "bin": {
        "semver": "bin/semver.js"
      }
    },
    "node_modules/shebang-command": {
      "version": "2.0.0",
      "resolved": "https://registry.npmjs.org/shebang-command/-/shebang-command-2.0.0.tgz",
      "integrity": "sha512-kHxr2zZpYtdmrN1qDjrrX/Z1rR1kG8Dx+gkpK1G4eXmvXswmcE1hTWBWYUzlraYw1/yZp6YuDY77YtvbN0dmDA==",
      "dev": true,
      "license": "MIT",
      "dependencies": {
        "shebang-regex": "^3.0.0"
      },
      "engines": {
        "node": ">=8"
      }
    },
    "node_modules/shebang-regex": {
      "version": "3.0.0",
      "resolved": "https://registry.npmjs.org/shebang-regex/-/shebang-regex-3.0.0.tgz",
      "integrity": "sha512-7++dFhtcx3353uBaq8DDR4NuxBetBzC7ZQOhmTQInHEd6bSrXdiEyzCvG07Z44UYdLShWUyXt5M/yhz8ekcb1A==",
      "dev": true,
      "license": "MIT",
      "engines": {
        "node": ">=8"
      }
    },
    "node_modules/source-map-js": {
      "version": "1.2.1",
      "resolved": "https://registry.npmjs.org/source-map-js/-/source-map-js-1.2.1.tgz",
      "integrity": "sha512-UXWMKhLOwVKb728IUtQPXxfYU+usdybtUrK/8uGE8CQMvrhOpwvzDBwj0QhSL7MQc7vIsISBG8VQ8+IDQxpfQA==",
      "dev": true,
      "license": "BSD-3-Clause",
      "engines": {
        "node": ">=0.10.0"
      }
    },
    "node_modules/strip-json-comments": {
      "version": "3.1.1",
      "resolved": "https://registry.npmjs.org/strip-json-comments/-/strip-json-comments-3.1.1.tgz",
      "integrity": "sha512-6fPc+R4ihwqP6N/aIv2f1gMH8lOVtWQHoqC4yK6oSDVVocumAsfCqjkXnqiYMhmMwS/mEHLp7Vehlt3ql6lEig==",
      "dev": true,
      "license": "MIT",
      "engines": {
        "node": ">=8"
      },
      "funding": {
        "url": "https://github.com/sponsors/sindresorhus"
      }
    },
    "node_modules/supports-color": {
      "version": "7.2.0",
      "resolved": "https://registry.npmjs.org/supports-color/-/supports-color-7.2.0.tgz",
      "integrity": "sha512-qpCAvRl9stuOHveKsn7HncJRvv501qIacKzQlO/+Lwxc9+0q2wLyv4Dfvt80/DPn2pqOBsJdDiogXGR9+OvwRw==",
      "dev": true,
      "license": "MIT",
      "dependencies": {
        "has-flag": "^4.0.0"
      },
      "engines": {
        "node": ">=8"
      }
    },
    "node_modules/tinyglobby": {
      "version": "0.2.14",
      "resolved": "https://registry.npmjs.org/tinyglobby/-/tinyglobby-0.2.14.tgz",
      "integrity": "sha512-tX5e7OM1HnYr2+a2C/4V0htOcSQcoSTH9KgJnVvNm5zm/cyEWKJ7j7YutsH9CxMdtOkkLFy2AHrMci9IM8IPZQ==",
      "dev": true,
      "license": "MIT",
      "dependencies": {
        "fdir": "^6.4.4",
        "picomatch": "^4.0.2"
      },
      "engines": {
        "node": ">=12.0.0"
      },
      "funding": {
        "url": "https://github.com/sponsors/SuperchupuDev"
      }
    },
    "node_modules/type-check": {
      "version": "0.4.0",
      "resolved": "https://registry.npmjs.org/type-check/-/type-check-0.4.0.tgz",
      "integrity": "sha512-XleUoc9uwGXqjWwXaUTZAmzMcFZ5858QA2vvx1Ur5xIcixXIP+8LnFDgRplU30us6teqdlskFfu+ae4K79Ooew==",
      "dev": true,
      "license": "MIT",
      "dependencies": {
        "prelude-ls": "^1.2.1"
      },
      "engines": {
        "node": ">= 0.8.0"
      }
    },
    "node_modules/update-browserslist-db": {
      "version": "1.1.3",
      "resolved": "https://registry.npmjs.org/update-browserslist-db/-/update-browserslist-db-1.1.3.tgz",
      "integrity": "sha512-UxhIZQ+QInVdunkDAaiazvvT/+fXL5Osr0JZlJulepYu6Jd7qJtDZjlur0emRlT71EN3ScPoE7gvsuIKKNavKw==",
      "dev": true,
      "funding": [
        {
          "type": "opencollective",
          "url": "https://opencollective.com/browserslist"
        },
        {
          "type": "tidelift",
          "url": "https://tidelift.com/funding/github/npm/browserslist"
        },
        {
          "type": "github",
          "url": "https://github.com/sponsors/ai"
        }
      ],
      "license": "MIT",
      "dependencies": {
        "escalade": "^3.2.0",
        "picocolors": "^1.1.1"
      },
      "bin": {
        "update-browserslist-db": "cli.js"
      },
      "peerDependencies": {
        "browserslist": ">= 4.21.0"
      }
    },
    "node_modules/uri-js": {
      "version": "4.4.1",
      "resolved": "https://registry.npmjs.org/uri-js/-/uri-js-4.4.1.tgz",
      "integrity": "sha512-7rKUyy33Q1yc98pQ1DAmLtwX109F7TIfWlW1Ydo8Wl1ii1SeHieeh0HHfPeL2fMXK6z0s8ecKs9frCuLJvndBg==",
      "dev": true,
      "license": "BSD-2-Clause",
      "dependencies": {
        "punycode": "^2.1.0"
      }
    },
    "node_modules/vite": {
      "version": "7.0.5",
      "resolved": "https://registry.npmjs.org/vite/-/vite-7.0.5.tgz",
      "integrity": "sha512-1mncVwJxy2C9ThLwz0+2GKZyEXuC3MyWtAAlNftlZZXZDP3AJt5FmwcMit/IGGaNZ8ZOB2BNO/HFUB+CpN0NQw==",
      "dev": true,
      "license": "MIT",
      "dependencies": {
        "esbuild": "^0.25.0",
        "fdir": "^6.4.6",
        "picomatch": "^4.0.2",
        "postcss": "^8.5.6",
        "rollup": "^4.40.0",
        "tinyglobby": "^0.2.14"
      },
      "bin": {
        "vite": "bin/vite.js"
      },
      "engines": {
        "node": "^20.19.0 || >=22.12.0"
      },
      "funding": {
        "url": "https://github.com/vitejs/vite?sponsor=1"
      },
      "optionalDependencies": {
        "fsevents": "~2.3.3"
      },
      "peerDependencies": {
        "@types/node": "^20.19.0 || >=22.12.0",
        "jiti": ">=1.21.0",
        "less": "^4.0.0",
        "lightningcss": "^1.21.0",
        "sass": "^1.70.0",
        "sass-embedded": "^1.70.0",
        "stylus": ">=0.54.8",
        "sugarss": "^5.0.0",
        "terser": "^5.16.0",
        "tsx": "^4.8.1",
        "yaml": "^2.4.2"
      },
      "peerDependenciesMeta": {
        "@types/node": {
          "optional": true
        },
        "jiti": {
          "optional": true
        },
        "less": {
          "optional": true
        },
        "lightningcss": {
          "optional": true
        },
        "sass": {
          "optional": true
        },
        "sass-embedded": {
          "optional": true
        },
        "stylus": {
          "optional": true
        },
        "sugarss": {
          "optional": true
        },
        "terser": {
          "optional": true
        },
        "tsx": {
          "optional": true
        },
        "yaml": {
          "optional": true
        }
      }
    },
    "node_modules/which": {
      "version": "2.0.2",
      "resolved": "https://registry.npmjs.org/which/-/which-2.0.2.tgz",
      "integrity": "sha512-BLI3Tl1TW3Pvl70l3yq3Y64i+awpwXqsGBYWkkqMtnbXgrMD+yj7rhW0kuEDxzJaYXGjEW5ogapKNMEKNMjibA==",
      "dev": true,
      "license": "ISC",
      "dependencies": {
        "isexe": "^2.0.0"
      },
      "bin": {
        "node-which": "bin/node-which"
      },
      "engines": {
        "node": ">= 8"
      }
    },
    "node_modules/word-wrap": {
      "version": "1.2.5",
      "resolved": "https://registry.npmjs.org/word-wrap/-/word-wrap-1.2.5.tgz",
      "integrity": "sha512-BN22B5eaMMI9UMtjrGd5g5eCYPpCPDUy0FJXbYsaT5zYxjFOckS53SQDE3pWkVoWpHXVb3BrYcEN4Twa55B5cA==",
      "dev": true,
      "license": "MIT",
      "engines": {
        "node": ">=0.10.0"
      }
    },
    "node_modules/yallist": {
      "version": "3.1.1",
      "resolved": "https://registry.npmjs.org/yallist/-/yallist-3.1.1.tgz",
      "integrity": "sha512-a4UGQaWPH59mOXUYnAG2ewncQS4i4F43Tv3JoAM+s2VDAmS9NsK8GpDMLrCHPksFT7h3K6TOoUNn2pb7RoXx4g==",
      "dev": true,
      "license": "ISC"
    },
    "node_modules/yocto-queue": {
      "version": "0.1.0",
      "resolved": "https://registry.npmjs.org/yocto-queue/-/yocto-queue-0.1.0.tgz",
      "integrity": "sha512-rVksvsnNCdJ/ohGc6xgPwyN8eheCxsiLM8mxuE/t/mOVqJewPuO1miLpTHQiRgTKCLexL4MeAFVagts7HmNZ2Q==",
      "dev": true,
      "license": "MIT",
      "engines": {
        "node": ">=10"
      },
      "funding": {
        "url": "https://github.com/sponsors/sindresorhus"
      }
    }
  }
}
